original_path,generated_path,image_pair_id,user_1_rating,user_3_rating,user_4_rating,user_5_rating,user_6_rating,user_8_rating,user_9_rating,user_11_rating,user_12_rating,user_13_rating,user_14_rating,user_15_rating,user_17_rating,user_18_rating
images/original/628.png,images/real_gpt4_no_action/628.png,1,2.0,2.0,2.0,4.0,2.0,2.0,3.0,3.0,1.0,5.0,1.0,4.0,3.0,4.0
images/original/853.png,images/real_gpt4_direct/853.png,2,1.0,1.0,1.0,2.0,1.0,1.0,1.0,2.0,1.0,2.0,1.0,1.0,2.0,3.0
images/original/368.png,images/real_gpt4_self-refine/368.png,3,5.0,4.0,3.0,5.0,3.0,4.0,4.0,5.0,4.0,5.0,4.0,5.0,4.0,5.0
images/original/695.png,images/real_gemini_cot/695.png,4,5.0,4.0,3.0,5.0,2.0,2.0,3.0,4.0,4.0,5.0,4.0,4.0,4.0,5.0
images/original/WebSight_270.png,images/syn_gpt4_cot/WebSight_270.png,5,5.0,5.0,5.0,4.0,2.0,4.0,4.0,5.0,4.0,5.0,4.0,5.0,5.0,5.0
images/original/952.png,images/real_gpt4_direct/952.png,6,2.0,3.0,2.0,2.0,2.0,2.0,3.0,4.0,1.0,5.0,3.0,3.0,3.0,4.0
images/original/WebSight_248.png,images/syn_gpt4_cot/WebSight_248.png,7,4.0,4.0,5.0,4.0,3.0,5.0,4.0,4.0,4.0,5.0,4.0,5.0,5.0,5.0
images/original/156.png,images/real_gpt4_no_action/156.png,8,3.0,3.0,3.0,2.0,2.0,4.0,2.0,2.0,2.0,4.0,3.0,2.0,3.0,2.0
images/original/822.png,images/real_gpt4_self-refine/822.png,9,1.0,1.0,1.0,1.0,1.0,1.0,2.0,1.0,1.0,4.0,2.0,2.0,1.0,1.0
images/original/321.png,images/real_gpt4_no_action/321.png,10,1.0,1.0,1.0,1.0,1.0,1.0,2.0,1.0,1.0,3.0,1.0,1.0,2.0,1.0
images/original/WebSight_175.png,images/syn_gpt4_cot/WebSight_175.png,11,3.0,4.0,2.0,5.0,2.0,3.0,3.0,5.0,1.0,5.0,4.0,5.0,4.0,4.0
images/original/WebSight_242.png,images/syn_gpt4_cot/WebSight_242.png,12,3.0,4.0,3.0,5.0,3.0,4.0,3.0,5.0,5.0,5.0,4.0,5.0,4.0,4.0
images/original/829.png,images/real_gpt4_self-refine/829.png,13,2.0,1.0,1.0,1.0,1.0,1.0,2.0,1.0,1.0,3.0,1.0,2.0,1.0,1.0
images/original/605.png,images/real_gemini_direct/605.png,14,5.0,4.0,3.0,4.0,2.0,3.0,5.0,2.0,4.0,5.0,3.0,4.0,4.0,4.0
images/original/WebSight_231.png,images/syn_gpt4_cot/WebSight_231.png,15,5.0,4.0,5.0,5.0,4.0,1.0,4.0,5.0,4.0,5.0,4.0,5.0,4.0,4.0
images/original/396.png,images/real_gpt4_direct/396.png,16,1.0,1.0,1.0,1.0,1.0,1.0,1.0,1.0,1.0,1.0,1.0,1.0,2.0,1.0
images/original/1176.png,images/real_gpt4_no_action/1176.png,17,1.0,1.0,2.0,1.0,1.0,1.0,2.0,1.0,1.0,3.0,1.0,1.0,3.0,2.0
images/original/137.png,images/real_gpt4_no_action/137.png,18,2.0,1.0,1.0,1.0,2.0,1.0,2.0,1.0,2.0,3.0,2.0,3.0,3.0,2.0
images/original/252.png,images/real_gpt4_self-refine/252.png,19,3.0,2.0,1.0,1.0,3.0,1.0,3.0,2.0,1.0,3.0,2.0,3.0,3.0,2.0
images/original/595.png,images/real_gemini_no_action/595.png,20,1.0,1.0,1.0,1.0,1.0,1.0,2.0,1.0,1.0,1.0,1.0,2.0,2.0,1.0
images/original/1050.png,images/real_gemini_self-refine/1050.png,21,4.0,4.0,3.0,4.0,4.0,3.0,5.0,2.0,4.0,4.0,3.0,4.0,2.0,4.0
images/original/WebSight_102.png,images/syn_gpt4_cot/WebSight_102.png,22,3.0,4.0,5.0,5.0,4.0,4.0,4.0,5.0,4.0,5.0,4.0,5.0,5.0,5.0
images/original/368.png,images/real_gemini_direct/368.png,23,1.0,1.0,1.0,1.0,1.0,1.0,2.0,1.0,1.0,2.0,1.0,3.0,2.0,1.0
images/original/628.png,images/real_gpt4_cot/628.png,24,2.0,3.0,1.0,2.0,2.0,1.0,2.0,2.0,2.0,3.0,2.0,2.0,2.0,2.0
images/original/673.png,images/real_gpt4_no_action/673.png,25,4.0,4.0,4.0,5.0,2.0,1.0,4.0,4.0,4.0,5.0,4.0,5.0,3.0,4.0
images/original/365.png,images/real_gpt4_no_action/365.png,26,2.0,3.0,1.0,3.0,2.0,3.0,2.0,3.0,4.0,3.0,3.0,2.0,3.0,2.0
images/original/1053.png,images/real_gpt4_no_action/1053.png,27,1.0,1.0,1.0,1.0,1.0,1.0,3.0,1.0,1.0,4.0,2.0,2.0,3.0,2.0
images/original/363.png,images/real_gemini_direct/363.png,28,2.0,3.0,1.0,1.0,1.0,1.0,2.0,1.0,1.0,4.0,1.0,4.0,3.0,3.0
images/original/268.png,images/real_gemini_self-refine/268.png,29,2.0,4.0,3.0,5.0,2.0,3.0,4.0,2.0,3.0,5.0,4.0,5.0,3.0,3.0
images/original/628.png,images/real_gpt4_direct/628.png,30,2.0,4.0,1.0,3.0,3.0,3.0,4.0,3.0,2.0,4.0,2.0,2.0,3.0,3.0
images/original/340.png,images/real_gpt4_no_action/340.png,31,1.0,1.0,3.0,1.0,1.0,2.0,2.0,1.0,1.0,3.0,1.0,2.0,3.0,1.0
images/original/223.png,images/real_gpt4_self-refine/223.png,32,1.0,2.0,3.0,1.0,1.0,1.0,2.0,1.0,1.0,3.0,3.0,3.0,3.0,3.0
images/original/1175.png,images/real_gemini_no_action/1175.png,33,3.0,4.0,1.0,2.0,1.0,1.0,3.0,2.0,1.0,5.0,3.0,4.0,4.0,4.0
images/original/WebSight_271.png,images/syn_gpt4_cot/WebSight_271.png,34,3.0,4.0,2.0,5.0,2.0,3.0,3.0,4.0,1.0,5.0,4.0,5.0,4.0,4.0
images/original/513.png,images/real_gpt4_no_action/513.png,35,2.0,3.0,2.0,2.0,1.0,1.0,4.0,2.0,3.0,5.0,1.0,3.0,3.0,2.0
images/original/695.png,images/real_gpt4_cot/695.png,36,1.0,2.0,1.0,2.0,1.0,3.0,4.0,2.0,1.0,3.0,2.0,2.0,2.0,1.0
images/original/378.png,images/real_gemini_cot/378.png,37,1.0,1.0,1.0,1.0,1.0,1.0,4.0,1.0,2.0,2.0,1.0,3.0,3.0,1.0
images/original/550.png,images/real_gpt4_no_action/550.png,38,3.0,4.0,3.0,4.0,3.0,3.0,3.0,3.0,5.0,4.0,5.0,5.0,3.0,4.0
images/original/1197.png,images/real_gpt4_self-refine/1197.png,39,5.0,5.0,3.0,5.0,4.0,2.0,4.0,4.0,4.0,3.0,3.0,5.0,3.0,4.0
images/original/847.png,images/real_gemini_cot/847.png,40,4.0,3.0,2.0,3.0,1.0,2.0,4.0,3.0,2.0,2.0,1.0,1.0,2.0,3.0
images/original/341.png,images/real_gpt4_self-refine/341.png,41,1.0,1.0,1.0,1.0,1.0,2.0,3.0,1.0,1.0,1.0,2.0,1.0,1.0,1.0
images/original/318.png,images/real_gpt4_cot/318.png,42,2.0,3.0,2.0,1.0,1.0,1.0,4.0,2.0,3.0,2.0,2.0,2.0,2.0,3.0
images/original/846.png,images/real_gpt4_cot/846.png,43,2.0,2.0,2.0,4.0,1.0,3.0,4.0,3.0,2.0,2.0,1.0,2.0,2.0,4.0
images/original/77.png,images/real_gemini_self-refine/77.png,44,3.0,3.0,3.0,4.0,2.0,2.0,4.0,4.0,4.0,3.0,4.0,4.0,3.0,4.0
images/original/502.png,images/real_gpt4_direct/502.png,45,1.0,2.0,1.0,1.0,1.0,1.0,3.0,2.0,1.0,2.0,1.0,1.0,2.0,2.0
images/original/360.png,images/real_gpt4_no_action/360.png,46,1.0,2.0,1.0,2.0,1.0,1.0,3.0,2.0,2.0,2.0,2.0,3.0,1.0,4.0
images/original/77.png,images/real_gpt4_self-refine/77.png,47,2.0,1.0,2.0,2.0,1.0,1.0,2.0,2.0,3.0,2.0,1.0,1.0,2.0,3.0
images/original/WebSight_264.png,images/syn_gpt4_cot/WebSight_264.png,48,5.0,4.0,4.0,5.0,4.0,4.0,4.0,5.0,5.0,5.0,5.0,5.0,4.0,5.0
images/original/853.png,images/real_gpt4_cot/853.png,49,1.0,1.0,1.0,1.0,1.0,2.0,2.0,2.0,1.0,2.0,1.0,1.0,1.0,2.0
images/original/847.png,images/real_gpt4_direct/847.png,50,2.0,3.0,4.0,2.0,3.0,3.0,4.0,3.0,4.0,5.0,3.0,5.0,3.0,4.0
images/original/1087.png,images/real_gemini_direct/1087.png,51,3.0,5.0,3.0,4.0,3.0,3.0,5.0,5.0,4.0,4.0,4.0,5.0,3.0,4.0
images/original/1043.png,images/real_gpt4_no_action/1043.png,52,1.0,2.0,1.0,2.0,1.0,1.0,2.0,2.0,2.0,2.0,1.0,2.0,2.0,1.0
images/original/WebSight_19.png,images/syn_gpt4_cot/WebSight_19.png,53,5.0,5.0,5.0,5.0,2.0,3.0,4.0,5.0,5.0,5.0,5.0,5.0,4.0,5.0
images/original/339.png,images/real_gemini_direct/339.png,54,1.0,1.0,1.0,1.0,1.0,1.0,2.0,1.0,3.0,3.0,1.0,2.0,3.0,3.0
images/original/1027.png,images/real_gemini_self-refine/1027.png,55,1.0,2.0,1.0,3.0,2.0,1.0,2.0,2.0,2.0,3.0,2.0,4.0,2.0,2.0
images/original/WebSight_267.png,images/syn_gpt4_cot/WebSight_267.png,56,4.0,5.0,5.0,5.0,3.0,5.0,4.0,4.0,5.0,5.0,4.0,5.0,5.0,5.0
images/original/1197.png,images/real_gemini_no_action/1197.png,57,1.0,2.0,1.0,1.0,1.0,2.0,2.0,2.0,1.0,2.0,2.0,2.0,2.0,1.0
images/original/585.png,images/real_gpt4_direct/585.png,58,1.0,1.0,1.0,1.0,1.0,1.0,3.0,1.0,1.0,1.0,1.0,1.0,1.0,1.0
images/original/105.png,images/real_gpt4_cot/105.png,59,1.0,1.0,1.0,1.0,1.0,1.0,2.0,1.0,1.0,2.0,1.0,2.0,1.0,2.0
images/original/342.png,images/real_gpt4_cot/342.png,60,1.0,2.0,2.0,1.0,3.0,1.0,3.0,4.0,1.0,2.0,3.0,3.0,3.0,4.0
images/original/WebSight_37.png,images/syn_gpt4_cot/WebSight_37.png,61,4.0,4.0,4.0,4.0,3.0,4.0,5.0,5.0,4.0,5.0,5.0,5.0,4.0,5.0
images/original/WebSight_46.png,images/syn_gpt4_cot/WebSight_46.png,62,5.0,5.0,5.0,5.0,4.0,3.0,5.0,5.0,5.0,5.0,5.0,5.0,5.0,5.0
images/original/707.png,images/real_gpt4_self-refine/707.png,63,1.0,1.0,1.0,1.0,1.0,1.0,3.0,1.0,1.0,2.0,1.0,1.0,1.0,1.0
images/original/627.png,images/real_gpt4_direct/627.png,64,1.0,1.0,1.0,1.0,1.0,1.0,3.0,1.0,1.0,2.0,1.0,1.0,2.0,2.0
images/original/952.png,images/real_gpt4_cot/952.png,65,2.0,2.0,4.0,4.0,2.0,3.0,3.0,3.0,5.0,3.0,3.0,4.0,2.0,4.0
images/original/1175.png,images/real_gpt4_no_action/1175.png,66,2.0,2.0,1.0,2.0,1.0,1.0,3.0,2.0,3.0,3.0,1.0,2.0,2.0,1.0
images/original/396.png,images/real_gpt4_cot/396.png,67,1.0,1.0,1.0,1.0,1.0,1.0,3.0,1.0,1.0,1.0,1.0,1.0,1.0,1.0
images/original/252.png,images/real_gemini_self-refine/252.png,68,2.0,3.0,2.0,3.0,1.0,1.0,3.0,3.0,2.0,3.0,2.0,4.0,2.0,2.0
images/original/WebSight_297.png,images/syn_gpt4_cot/WebSight_297.png,69,3.0,3.0,3.0,4.0,2.0,3.0,4.0,4.0,4.0,4.0,4.0,5.0,4.0,5.0
images/original/412.png,images/real_gpt4_self-refine/412.png,70,1.0,1.0,1.0,1.0,1.0,2.0,2.0,1.0,1.0,2.0,1.0,2.0,1.0,3.0
images/original/1050.png,images/real_gemini_direct/1050.png,71,5.0,5.0,3.0,4.0,3.0,4.0,5.0,3.0,5.0,4.0,3.0,4.0,4.0,4.0
images/original/604.png,images/real_gpt4_self-refine/604.png,72,2.0,2.0,2.0,4.0,1.0,2.0,4.0,2.0,1.0,4.0,2.0,2.0,1.0,2.0
images/original/339.png,images/real_gpt4_self-refine/339.png,73,2.0,1.0,1.0,1.0,1.0,1.0,2.0,1.0,2.0,3.0,3.0,2.0,3.0,2.0
images/original/365.png,images/real_gpt4_self-refine/365.png,74,3.0,3.0,2.0,3.0,2.0,3.0,4.0,4.0,3.0,3.0,2.0,3.0,2.0,4.0
images/original/605.png,images/real_gpt4_cot/605.png,75,5.0,4.0,4.0,5.0,3.0,4.0,5.0,4.0,5.0,3.0,4.0,4.0,4.0,5.0
images/original/550.png,images/real_gemini_no_action/550.png,76,2.0,3.0,2.0,2.0,1.0,1.0,2.0,1.0,1.0,1.0,1.0,2.0,2.0,1.0
images/original/368.png,images/real_gpt4_cot/368.png,77,5.0,4.0,3.0,5.0,3.0,4.0,4.0,5.0,5.0,4.0,5.0,5.0,4.0,5.0
images/original/77.png,images/real_gemini_cot/77.png,78,4.0,4.0,2.0,3.0,2.0,3.0,4.0,4.0,4.0,3.0,4.0,5.0,3.0,4.0
images/original/513.png,images/real_gemini_self-refine/513.png,79,1.0,3.0,3.0,2.0,1.0,2.0,3.0,2.0,1.0,3.0,1.0,3.0,2.0,1.0
images/original/WebSight_138.png,images/syn_gpt4_cot/WebSight_138.png,80,3.0,3.0,5.0,4.0,3.0,4.0,5.0,3.0,3.0,5.0,4.0,5.0,4.0,5.0
images/original/58.png,images/real_gpt4_cot/58.png,81,1.0,1.0,2.0,1.0,1.0,2.0,3.0,1.0,2.0,1.0,1.0,1.0,1.0,1.0
images/original/WebSight_284.png,images/syn_gpt4_cot/WebSight_284.png,82,4.0,4.0,4.0,5.0,3.0,4.0,5.0,3.0,4.0,5.0,4.0,5.0,4.0,4.0
images/original/512.png,images/real_gpt4_cot/512.png,83,2.0,2.0,3.0,3.0,1.0,3.0,4.0,2.0,2.0,2.0,2.0,2.0,2.0,2.0
images/original/853.png,images/real_gpt4_self-refine/853.png,84,1.0,1.0,2.0,1.0,1.0,2.0,2.0,1.0,1.0,1.0,1.0,1.0,1.0,1.0
images/original/WebSight_289.png,images/syn_gpt4_cot/WebSight_289.png,85,1.0,1.0,1.0,1.0,1.0,1.0,2.0,1.0,1.0,1.0,1.0,1.0,1.0,1.0
images/original/268.png,images/real_gpt4_direct/268.png,86,2.0,2.0,2.0,3.0,1.0,3.0,5.0,2.0,3.0,2.0,3.0,3.0,1.0,3.0
images/original/87.png,images/real_gpt4_cot/87.png,87,2.0,2.0,2.0,1.0,1.0,2.0,5.0,1.0,1.0,2.0,1.0,2.0,1.0,1.0
images/original/1206.png,images/real_gpt4_cot/1206.png,88,1.0,3.0,1.0,1.0,1.0,2.0,3.0,2.0,3.0,1.0,2.0,4.0,2.0,3.0
images/original/WebSight_74.png,images/syn_gpt4_cot/WebSight_74.png,89,3.0,4.0,4.0,5.0,2.0,3.0,3.0,4.0,4.0,5.0,4.0,5.0,4.0,3.0
images/original/363.png,images/real_gemini_no_action/363.png,90,3.0,3.0,1.0,1.0,1.0,1.0,3.0,2.0,1.0,3.0,3.0,4.0,2.0,1.0
images/original/77.png,images/real_gemini_direct/77.png,91,3.0,3.0,1.0,3.0,2.0,3.0,2.0,3.0,2.0,3.0,3.0,5.0,2.0,4.0
images/original/372.png,images/real_gpt4_self-refine/372.png,92,2.0,3.0,4.0,3.0,2.0,3.0,3.0,3.0,3.0,4.0,3.0,3.0,2.0,3.0
images/original/995.png,images/real_gemini_self-refine/995.png,93,4.0,4.0,4.0,5.0,3.0,1.0,5.0,4.0,4.0,3.0,4.0,4.0,2.0,4.0
images/original/1043.png,images/real_gpt4_direct/1043.png,94,1.0,2.0,1.0,1.0,1.0,1.0,3.0,1.0,1.0,1.0,1.0,1.0,1.0,1.0
images/original/495.png,images/real_gpt4_self-refine/495.png,95,5.0,4.0,5.0,4.0,3.0,3.0,5.0,5.0,5.0,4.0,4.0,5.0,4.0,4.0
images/original/164.png,images/real_gpt4_direct/164.png,96,1.0,2.0,1.0,1.0,1.0,1.0,3.0,1.0,1.0,1.0,1.0,2.0,1.0,1.0
images/original/995.png,images/real_gpt4_self-refine/995.png,97,4.0,3.0,4.0,5.0,3.0,3.0,5.0,4.0,4.0,4.0,5.0,5.0,3.0,5.0
images/original/938.png,images/real_gpt4_cot/938.png,98,3.0,4.0,3.0,2.0,3.0,3.0,5.0,4.0,4.0,3.0,4.0,4.0,2.0,4.0
images/original/822.png,images/real_gemini_direct/822.png,99,2.0,2.0,2.0,1.0,1.0,1.0,3.0,2.0,1.0,2.0,2.0,2.0,1.0,1.0
images/original/931.png,images/real_gpt4_self-refine/931.png,100,1.0,2.0,2.0,1.0,1.0,1.0,3.0,2.0,1.0,2.0,1.0,1.0,1.0,2.0
images/original/60.png,images/real_gpt4_cot/60.png,101,1.0,2.0,3.0,1.0,1.0,3.0,3.0,2.0,1.0,2.0,2.0,3.0,1.0,1.0
images/original/70.png,images/real_gpt4_self-refine/70.png,102,1.0,2.0,2.0,2.0,1.0,1.0,3.0,2.0,1.0,2.0,1.0,2.0,1.0,1.0
images/original/297.png,images/real_gpt4_cot/297.png,103,3.0,3.0,2.0,3.0,2.0,3.0,3.0,3.0,3.0,2.0,3.0,3.0,2.0,3.0
images/original/673.png,images/real_gpt4_self-refine/673.png,104,5.0,4.0,4.0,5.0,3.0,3.0,5.0,4.0,4.0,4.0,4.0,5.0,3.0,4.0
images/original/368.png,images/real_gpt4_no_action/368.png,105,4.0,4.0,4.0,5.0,3.0,3.0,5.0,5.0,5.0,4.0,5.0,5.0,4.0,5.0
images/original/200.png,images/real_gpt4_cot/200.png,106,3.0,3.0,2.0,2.0,2.0,3.0,3.0,4.0,2.0,2.0,2.0,4.0,1.0,2.0
images/original/368.png,images/real_gemini_cot/368.png,107,1.0,2.0,1.0,1.0,1.0,1.0,2.0,1.0,1.0,1.0,1.0,2.0,2.0,1.0
images/original/1087.png,images/real_gpt4_direct/1087.png,108,3.0,4.0,3.0,4.0,3.0,4.0,5.0,3.0,5.0,2.0,3.0,3.0,2.0,4.0
images/original/98.png,images/real_gpt4_direct/98.png,109,1.0,2.0,1.0,1.0,1.0,2.0,3.0,1.0,1.0,1.0,1.0,1.0,1.0,1.0
images/original/396.png,images/real_gpt4_no_action/396.png,110,1.0,1.0,2.0,1.0,1.0,1.0,3.0,1.0,1.0,2.0,1.0,2.0,1.0,1.0
images/original/339.png,images/real_gemini_self-refine/339.png,111,1.0,1.0,1.0,1.0,1.0,1.0,3.0,1.0,2.0,3.0,1.0,2.0,2.0,2.0
images/original/54.png,images/real_gpt4_self-refine/54.png,112,4.0,4.0,4.0,4.0,3.0,3.0,5.0,3.0,4.0,2.0,3.0,4.0,2.0,4.0
images/original/365.png,images/real_gpt4_cot/365.png,113,3.0,3.0,3.0,4.0,3.0,3.0,3.0,3.0,4.0,2.0,2.0,3.0,2.0,3.0
images/original/1115.png,images/real_gpt4_direct/1115.png,114,4.0,4.0,4.0,5.0,3.0,1.0,5.0,4.0,4.0,3.0,4.0,4.0,3.0,5.0
images/original/868.png,images/real_gpt4_no_action/868.png,115,2.0,3.0,2.0,3.0,1.0,2.0,3.0,2.0,3.0,1.0,1.0,2.0,3.0,2.0
images/original/459.png,images/real_gpt4_direct/459.png,116,3.0,3.0,3.0,4.0,2.0,3.0,5.0,3.0,4.0,3.0,3.0,3.0,2.0,3.0
images/original/412.png,images/real_gpt4_direct/412.png,117,1.0,2.0,1.0,1.0,1.0,2.0,3.0,1.0,1.0,2.0,1.0,2.0,1.0,2.0
images/original/370.png,images/real_gpt4_cot/370.png,118,2.0,3.0,1.0,3.0,2.0,3.0,5.0,3.0,3.0,4.0,3.0,3.0,1.0,2.0
images/original/60.png,images/real_gemini_cot/60.png,119,1.0,1.0,1.0,1.0,1.0,1.0,3.0,1.0,1.0,1.0,1.0,2.0,1.0,1.0
images/original/1047.png,images/real_gpt4_self-refine/1047.png,120,2.0,3.0,1.0,4.0,2.0,1.0,3.0,3.0,4.0,2.0,2.0,4.0,3.0,3.0
images/original/846.png,images/real_gpt4_self-refine/846.png,121,3.0,3.0,3.0,4.0,3.0,3.0,3.0,3.0,4.0,2.0,3.0,2.0,2.0,3.0
images/original/550.png,images/real_gpt4_self-refine/550.png,122,2.0,4.0,2.0,2.0,3.0,3.0,3.0,3.0,3.0,3.0,3.0,4.0,2.0,3.0
images/original/956.png,images/real_gpt4_cot/956.png,123,2.0,2.0,1.0,2.0,1.0,1.0,3.0,1.0,2.0,2.0,1.0,2.0,1.0,1.0
images/original/540.png,images/real_gemini_self-refine/540.png,124,3.0,4.0,3.0,4.0,2.0,4.0,5.0,2.0,5.0,3.0,3.0,4.0,3.0,4.0
images/original/604.png,images/real_gpt4_no_action/604.png,125,1.0,2.0,2.0,2.0,1.0,2.0,3.0,3.0,1.0,2.0,1.0,1.0,1.0,1.0
images/original/1088.png,images/real_gemini_cot/1088.png,126,3.0,3.0,2.0,2.0,3.0,4.0,3.0,2.0,3.0,3.0,3.0,4.0,1.0,4.0
images/original/378.png,images/real_gemini_self-refine/378.png,127,1.0,1.0,1.0,1.0,1.0,2.0,3.0,1.0,1.0,1.0,1.0,2.0,1.0,1.0
images/original/550.png,images/real_gemini_self-refine/550.png,128,2.0,3.0,1.0,1.0,2.0,1.0,3.0,2.0,4.0,3.0,2.0,4.0,3.0,4.0
images/original/540.png,images/real_gemini_no_action/540.png,129,1.0,2.0,1.0,1.0,1.0,2.0,3.0,1.0,1.0,1.0,1.0,2.0,2.0,1.0
images/original/137.png,images/real_gemini_self-refine/137.png,130,3.0,5.0,1.0,4.0,2.0,3.0,5.0,2.0,5.0,4.0,4.0,5.0,3.0,4.0
images/original/341.png,images/real_gpt4_cot/341.png,131,2.0,1.0,1.0,1.0,1.0,2.0,3.0,1.0,1.0,2.0,1.0,2.0,1.0,1.0
images/original/1050.png,images/real_gpt4_self-refine/1050.png,132,3.0,3.0,3.0,4.0,2.0,3.0,5.0,3.0,4.0,3.0,3.0,3.0,1.0,3.0
images/original/WebSight_159.png,images/syn_gpt4_cot/WebSight_159.png,133,4.0,4.0,3.0,4.0,1.0,3.0,3.0,3.0,4.0,3.0,4.0,5.0,3.0,4.0
images/original/396.png,images/real_gpt4_self-refine/396.png,134,1.0,2.0,1.0,1.0,1.0,2.0,3.0,2.0,1.0,2.0,1.0,4.0,1.0,1.0
images/original/695.png,images/real_gemini_self-refine/695.png,135,2.0,2.0,1.0,1.0,1.0,1.0,3.0,3.0,2.0,2.0,3.0,3.0,1.0,4.0
images/original/451.png,images/real_gpt4_cot/451.png,136,3.0,3.0,2.0,3.0,2.0,2.0,3.0,2.0,4.0,2.0,1.0,4.0,2.0,3.0
images/original/1206.png,images/real_gpt4_direct/1206.png,137,3.0,3.0,3.0,2.0,2.0,3.0,5.0,2.0,4.0,2.0,4.0,4.0,2.0,3.0
images/original/605.png,images/real_gpt4_no_action/605.png,138,2.0,2.0,1.0,1.0,1.0,2.0,3.0,1.0,3.0,3.0,2.0,3.0,2.0,2.0
images/original/1102.png,images/real_gpt4_self-refine/1102.png,139,1.0,2.0,1.0,2.0,1.0,1.0,4.0,2.0,2.0,2.0,2.0,2.0,1.0,1.0
images/original/459.png,images/real_gpt4_no_action/459.png,140,1.0,1.0,1.0,1.0,1.0,1.0,3.0,1.0,2.0,2.0,1.0,1.0,1.0,1.0
images/original/1053.png,images/real_gpt4_direct/1053.png,141,2.0,2.0,2.0,3.0,1.0,3.0,5.0,3.0,2.0,2.0,3.0,2.0,1.0,2.0
images/original/6.png,images/real_gpt4_direct/6.png,142,1.0,2.0,2.0,4.0,1.0,2.0,3.0,2.0,2.0,2.0,1.0,3.0,1.0,1.0
images/original/1013.png,images/real_gpt4_cot/1013.png,143,2.0,2.0,3.0,1.0,2.0,2.0,3.0,2.0,1.0,1.0,2.0,4.0,1.0,1.0
images/original/WebSight_144.png,images/syn_gpt4_cot/WebSight_144.png,144,2.0,3.0,2.0,2.0,2.0,3.0,5.0,5.0,5.0,1.0,3.0,5.0,2.0,4.0
images/original/905.png,images/real_gemini_self-refine/905.png,145,4.0,4.0,2.0,5.0,3.0,4.0,3.0,2.0,5.0,1.0,4.0,5.0,2.0,5.0
images/original/353.png,images/real_gpt4_no_action/353.png,146,1.0,1.0,1.0,1.0,1.0,2.0,3.0,1.0,1.0,1.0,1.0,1.0,1.0,1.0
images/original/224.png,images/real_gemini_cot/224.png,147,1.0,2.0,2.0,1.0,1.0,2.0,3.0,2.0,2.0,2.0,1.0,2.0,2.0,2.0
images/original/1213.png,images/real_gemini_self-refine/1213.png,148,1.0,2.0,1.0,1.0,1.0,3.0,2.0,1.0,4.0,2.0,2.0,3.0,1.0,1.0
images/original/829.png,images/real_gemini_no_action/829.png,149,2.0,2.0,1.0,2.0,1.0,2.0,3.0,2.0,3.0,1.0,2.0,3.0,2.0,1.0
images/original/341.png,images/real_gpt4_direct/341.png,150,2.0,1.0,1.0,2.0,1.0,2.0,3.0,1.0,2.0,2.0,1.0,2.0,1.0,1.0
images/original/1087.png,images/real_gpt4_no_action/1087.png,151,3.0,2.0,2.0,3.0,1.0,2.0,3.0,3.0,3.0,2.0,2.0,2.0,1.0,2.0
images/original/540.png,images/real_gpt4_direct/540.png,152,3.0,2.0,3.0,4.0,1.0,4.0,5.0,3.0,4.0,2.0,2.0,3.0,2.0,4.0
images/original/WebSight_299.png,images/syn_gpt4_cot/WebSight_299.png,153,5.0,4.0,4.0,5.0,2.0,3.0,5.0,5.0,5.0,5.0,3.0,5.0,3.0,4.0
images/original/1197.png,images/real_gemini_self-refine/1197.png,154,4.0,4.0,2.0,1.0,1.0,3.0,3.0,2.0,2.0,3.0,3.0,5.0,2.0,3.0
images/original/200.png,images/real_gpt4_no_action/200.png,155,2.0,2.0,1.0,1.0,1.0,1.0,3.0,2.0,3.0,2.0,1.0,2.0,1.0,1.0
images/original/156.png,images/real_gemini_no_action/156.png,156,2.0,2.0,1.0,1.0,1.0,1.0,3.0,1.0,2.0,2.0,2.0,4.0,2.0,1.0
images/original/372.png,images/real_gpt4_no_action/372.png,157,2.0,2.0,1.0,1.0,1.0,3.0,3.0,1.0,3.0,2.0,2.0,2.0,1.0,1.0
images/original/WebSight_273.png,images/syn_gpt4_cot/WebSight_273.png,158,4.0,4.0,2.0,4.0,2.0,3.0,5.0,4.0,4.0,5.0,4.0,5.0,4.0,4.0
images/original/1118.png,images/real_gpt4_direct/1118.png,159,4.0,5.0,3.0,5.0,3.0,3.0,5.0,4.0,5.0,4.0,5.0,5.0,3.0,5.0
images/original/378.png,images/real_gpt4_direct/378.png,160,2.0,1.0,1.0,2.0,1.0,1.0,3.0,1.0,1.0,2.0,1.0,1.0,1.0,1.0
images/original/502.png,images/real_gpt4_cot/502.png,161,1.0,2.0,1.0,2.0,1.0,1.0,3.0,2.0,1.0,2.0,1.0,2.0,1.0,1.0
images/original/339.png,images/real_gpt4_direct/339.png,162,1.0,1.0,1.0,1.0,1.0,1.0,3.0,2.0,1.0,2.0,1.0,4.0,2.0,2.0
images/original/931.png,images/real_gpt4_no_action/931.png,163,1.0,1.0,1.0,1.0,1.0,1.0,3.0,2.0,1.0,1.0,2.0,1.0,1.0,1.0
images/original/342.png,images/real_gemini_cot/342.png,164,1.0,2.0,1.0,2.0,2.0,1.0,3.0,2.0,2.0,2.0,3.0,5.0,2.0,1.0
images/original/451.png,images/real_gpt4_no_action/451.png,165,3.0,3.0,2.0,3.0,1.0,3.0,3.0,1.0,3.0,2.0,4.0,5.0,2.0,3.0
images/original/1175.png,images/real_gemini_cot/1175.png,166,4.0,3.0,3.0,4.0,3.0,3.0,5.0,3.0,4.0,3.0,4.0,5.0,2.0,4.0
images/original/995.png,images/real_gpt4_direct/995.png,167,4.0,4.0,3.0,5.0,3.0,3.0,5.0,4.0,5.0,4.0,4.0,5.0,3.0,5.0
images/original/532.png,images/real_gpt4_self-refine/532.png,168,2.0,1.0,2.0,1.0,3.0,2.0,3.0,5.0,1.0,2.0,3.0,3.0,2.0,2.0
images/original/70.png,images/real_gpt4_cot/70.png,169,1.0,1.0,1.0,2.0,1.0,1.0,3.0,2.0,1.0,2.0,2.0,2.0,1.0,2.0
images/original/540.png,images/real_gemini_direct/540.png,170,3.0,3.0,1.0,2.0,1.0,2.0,5.0,2.0,1.0,2.0,1.0,4.0,2.0,3.0
images/original/822.png,images/real_gpt4_direct/822.png,171,2.0,2.0,1.0,1.0,1.0,1.0,3.0,1.0,1.0,2.0,1.0,2.0,2.0,1.0
images/original/341.png,images/real_gemini_cot/341.png,172,2.0,1.0,1.0,1.0,1.0,1.0,3.0,1.0,1.0,2.0,1.0,3.0,1.0,1.0
images/original/882.png,images/real_gpt4_no_action/882.png,173,2.0,2.0,1.0,1.0,1.0,2.0,3.0,1.0,1.0,2.0,1.0,1.0,1.0,1.0
images/original/WebSight_86.png,images/syn_gpt4_cot/WebSight_86.png,174,4.0,3.0,3.0,4.0,3.0,3.0,3.0,3.0,2.0,3.0,4.0,5.0,3.0,4.0
images/original/224.png,images/real_gpt4_cot/224.png,175,2.0,2.0,1.0,1.0,3.0,1.0,3.0,3.0,1.0,2.0,3.0,2.0,1.0,3.0
images/original/WebSight_182.png,images/syn_gpt4_cot/WebSight_182.png,176,5.0,4.0,4.0,4.0,4.0,3.0,5.0,5.0,5.0,5.0,5.0,5.0,3.0,5.0
images/original/137.png,images/real_gemini_cot/137.png,177,4.0,5.0,2.0,3.0,1.0,3.0,5.0,4.0,3.0,4.0,5.0,5.0,3.0,4.0
images/original/1199.png,images/real_gpt4_direct/1199.png,178,2.0,2.0,1.0,1.0,1.0,2.0,3.0,2.0,1.0,2.0,2.0,2.0,2.0,2.0
images/original/1147.png,images/real_gemini_cot/1147.png,179,2.0,2.0,1.0,1.0,1.0,2.0,5.0,2.0,1.0,2.0,2.0,4.0,3.0,1.0
images/original/1036.png,images/real_gpt4_direct/1036.png,180,3.0,3.0,3.0,4.0,2.0,3.0,5.0,4.0,2.0,2.0,3.0,3.0,2.0,2.0
images/original/842.png,images/real_gpt4_cot/842.png,181,2.0,1.0,2.0,1.0,1.0,1.0,3.0,3.0,1.0,1.0,2.0,2.0,1.0,1.0
images/original/834.png,images/real_gpt4_cot/834.png,182,2.0,2.0,1.0,2.0,1.0,3.0,5.0,3.0,1.0,2.0,2.0,3.0,1.0,1.0
images/original/WebSight_104.png,images/syn_gpt4_cot/WebSight_104.png,183,3.0,4.0,2.0,4.0,3.0,3.0,5.0,4.0,4.0,5.0,4.0,5.0,3.0,5.0
images/original/1147.png,images/real_gemini_direct/1147.png,184,2.0,3.0,1.0,3.0,1.0,3.0,5.0,3.0,2.0,2.0,3.0,4.0,2.0,3.0
images/original/224.png,images/real_gemini_direct/224.png,185,1.0,2.0,2.0,1.0,1.0,3.0,3.0,2.0,1.0,2.0,1.0,3.0,2.0,1.0
images/original/1027.png,images/real_gemini_direct/1027.png,186,3.0,4.0,3.0,1.0,1.0,2.0,3.0,2.0,4.0,2.0,3.0,4.0,1.0,2.0
images/original/1085.png,images/real_gemini_self-refine/1085.png,187,3.0,4.0,3.0,5.0,5.0,4.0,5.0,5.0,5.0,5.0,5.0,5.0,5.0,5.0
images/original/822.png,images/real_gemini_no_action/822.png,188,1.0,3.0,1.0,1.0,1.0,2.0,3.0,2.0,2.0,3.0,3.0,4.0,2.0,1.0
images/original/905.png,images/real_gemini_direct/905.png,189,3.0,3.0,3.0,3.0,2.0,3.0,5.0,3.0,2.0,3.0,3.0,4.0,2.0,5.0
images/original/628.png,images/real_gemini_no_action/628.png,190,2.0,3.0,2.0,2.0,2.0,3.0,5.0,2.0,5.0,2.0,3.0,5.0,3.0,3.0
images/original/369.png,images/real_gpt4_no_action/369.png,191,1.0,2.0,1.0,1.0,1.0,2.0,3.0,1.0,1.0,2.0,1.0,2.0,1.0,1.0
images/original/909.png,images/real_gpt4_cot/909.png,192,4.0,4.0,3.0,3.0,2.0,3.0,4.0,4.0,5.0,3.0,4.0,5.0,3.0,4.0
images/original/297.png,images/real_gpt4_self-refine/297.png,193,3.0,3.0,2.0,4.0,2.0,3.0,5.0,3.0,3.0,3.0,3.0,3.0,1.0,3.0
images/original/495.png,images/real_gemini_direct/495.png,194,3.0,3.0,2.0,3.0,3.0,3.0,5.0,2.0,4.0,2.0,3.0,5.0,2.0,3.0
images/original/859.png,images/real_gpt4_no_action/859.png,195,2.0,2.0,1.0,1.0,2.0,3.0,3.0,1.0,1.0,1.0,2.0,2.0,1.0,1.0
images/original/859.png,images/real_gemini_cot/859.png,196,2.0,4.0,1.0,3.0,1.0,2.0,5.0,3.0,3.0,3.0,4.0,4.0,2.0,2.0
images/original/1046.png,images/real_gpt4_no_action/1046.png,197,2.0,2.0,1.0,2.0,2.0,2.0,3.0,2.0,2.0,3.0,3.0,2.0,1.0,1.0
images/original/77.png,images/real_gpt4_cot/77.png,198,2.0,3.0,1.0,1.0,2.0,2.0,3.0,2.0,3.0,2.0,2.0,3.0,2.0,2.0
images/original/1175.png,images/real_gpt4_self-refine/1175.png,199,3.0,3.0,2.0,2.0,2.0,2.0,5.0,3.0,3.0,3.0,2.0,3.0,1.0,3.0
images/original/151.png,images/real_gpt4_direct/151.png,200,2.0,2.0,1.0,2.0,2.0,2.0,5.0,2.0,2.0,3.0,1.0,2.0,1.0,2.0
images/original/580.png,images/real_gpt4_direct/580.png,201,1.0,2.0,1.0,1.0,2.0,2.0,3.0,2.0,1.0,2.0,1.0,1.0,1.0,1.0
images/original/87.png,images/real_gpt4_self-refine/87.png,202,1.0,3.0,1.0,1.0,2.0,3.0,5.0,3.0,2.0,3.0,3.0,2.0,1.0,2.0
images/original/268.png,images/real_gemini_no_action/268.png,203,3.0,3.0,1.0,2.0,1.0,2.0,3.0,1.0,3.0,3.0,2.0,4.0,2.0,1.0
images/original/WebSight_179.png,images/syn_gpt4_cot/WebSight_179.png,204,4.0,4.0,3.0,4.0,3.0,3.0,5.0,3.0,3.0,4.0,3.0,5.0,4.0,5.0
images/original/1086.png,images/real_gpt4_direct/1086.png,205,1.0,2.0,2.0,3.0,2.0,1.0,3.0,1.0,2.0,2.0,2.0,2.0,1.0,2.0
images/original/6.png,images/real_gpt4_no_action/6.png,206,1.0,2.0,1.0,1.0,1.0,2.0,3.0,1.0,1.0,1.0,1.0,2.0,2.0,1.0
images/original/868.png,images/real_gpt4_self-refine/868.png,207,5.0,5.0,4.0,4.0,4.0,3.0,5.0,4.0,3.0,4.0,4.0,5.0,4.0,4.0
images/original/905.png,images/real_gpt4_direct/905.png,208,2.0,2.0,2.0,3.0,2.0,3.0,5.0,3.0,1.0,3.0,3.0,2.0,2.0,2.0
images/original/1047.png,images/real_gpt4_no_action/1047.png,209,2.0,3.0,2.0,3.0,1.0,2.0,3.0,2.0,2.0,2.0,3.0,3.0,2.0,2.0
images/original/668.png,images/real_gemini_no_action/668.png,210,1.0,1.0,1.0,1.0,1.0,2.0,3.0,1.0,1.0,1.0,1.0,1.0,1.0,1.0
images/original/865.png,images/real_gpt4_cot/865.png,211,3.0,3.0,3.0,4.0,2.0,3.0,5.0,4.0,4.0,4.0,3.0,4.0,2.0,3.0
images/original/899.png,images/real_gpt4_no_action/899.png,212,1.0,2.0,1.0,2.0,1.0,3.0,3.0,3.0,1.0,2.0,2.0,2.0,1.0,1.0
images/original/58.png,images/real_gpt4_no_action/58.png,213,1.0,1.0,1.0,1.0,1.0,2.0,3.0,1.0,2.0,1.0,1.0,3.0,1.0,1.0
images/original/6.png,images/real_gemini_no_action/6.png,214,2.0,3.0,1.0,2.0,1.0,2.0,3.0,1.0,3.0,2.0,3.0,4.0,2.0,2.0
images/original/847.png,images/real_gemini_direct/847.png,215,2.0,3.0,3.0,2.0,1.0,2.0,3.0,2.0,1.0,3.0,1.0,1.0,3.0,1.0
images/original/829.png,images/real_gemini_direct/829.png,216,2.0,3.0,1.0,3.0,2.0,2.0,4.0,2.0,1.0,2.0,1.0,3.0,3.0,1.0
images/original/995.png,images/real_gpt4_cot/995.png,217,4.0,4.0,4.0,3.0,2.0,3.0,5.0,4.0,4.0,3.0,4.0,4.0,3.0,5.0
images/original/318.png,images/real_gpt4_self-refine/318.png,218,1.0,2.0,1.0,2.0,2.0,3.0,5.0,1.0,3.0,2.0,3.0,4.0,2.0,2.0
images/original/829.png,images/real_gemini_self-refine/829.png,219,3.0,2.0,2.0,2.0,2.0,2.0,3.0,1.0,1.0,3.0,2.0,3.0,2.0,1.0
images/original/1036.png,images/real_gpt4_cot/1036.png,220,3.0,4.0,3.0,4.0,2.0,3.0,5.0,3.0,4.0,3.0,3.0,4.0,3.0,5.0
images/original/WebSight_156.png,images/syn_gpt4_cot/WebSight_156.png,221,3.0,4.0,3.0,4.0,2.0,3.0,4.0,3.0,3.0,4.0,3.0,5.0,3.0,4.0
images/original/266.png,images/real_gpt4_cot/266.png,222,1.0,2.0,2.0,1.0,1.0,3.0,5.0,1.0,1.0,1.0,2.0,2.0,2.0,1.0
images/original/1036.png,images/real_gpt4_no_action/1036.png,223,2.0,1.0,2.0,1.0,1.0,2.0,3.0,2.0,2.0,1.0,2.0,2.0,3.0,2.0
images/original/859.png,images/real_gpt4_self-refine/859.png,224,4.0,5.0,4.0,4.0,2.0,3.0,5.0,3.0,5.0,4.0,4.0,5.0,3.0,5.0
images/original/829.png,images/real_gpt4_direct/829.png,225,1.0,1.0,2.0,1.0,1.0,2.0,2.0,1.0,3.0,1.0,1.0,1.0,1.0,1.0
images/original/658.png,images/real_gpt4_cot/658.png,226,2.0,2.0,2.0,2.0,2.0,3.0,5.0,2.0,2.0,2.0,3.0,3.0,2.0,2.0
images/original/1050.png,images/real_gpt4_direct/1050.png,227,3.0,3.0,3.0,3.0,2.0,4.0,5.0,3.0,2.0,3.0,3.0,3.0,2.0,3.0
images/original/211.png,images/real_gpt4_cot/211.png,228,3.0,3.0,3.0,3.0,2.0,2.0,5.0,3.0,3.0,2.0,3.0,3.0,2.0,2.0
images/original/626.png,images/real_gemini_self-refine/626.png,229,3.0,4.0,2.0,1.0,2.0,2.0,3.0,2.0,4.0,3.0,2.0,4.0,2.0,3.0
images/original/252.png,images/real_gemini_no_action/252.png,230,2.0,3.0,2.0,1.0,2.0,2.0,3.0,2.0,1.0,2.0,1.0,4.0,2.0,1.0
images/original/1027.png,images/real_gpt4_no_action/1027.png,231,1.0,2.0,1.0,1.0,2.0,2.0,3.0,1.0,1.0,2.0,1.0,2.0,1.0,1.0
images/original/580.png,images/real_gpt4_no_action/580.png,232,1.0,2.0,1.0,2.0,2.0,2.0,4.0,2.0,1.0,1.0,1.0,1.0,1.0,1.0
images/original/WebSight_20.png,images/syn_gpt4_cot/WebSight_20.png,233,3.0,3.0,2.0,4.0,4.0,3.0,5.0,4.0,4.0,5.0,2.0,5.0,4.0,5.0
images/original/156.png,images/real_gpt4_direct/156.png,234,1.0,3.0,2.0,3.0,2.0,3.0,3.0,3.0,2.0,3.0,3.0,5.0,3.0,4.0
images/original/1050.png,images/real_gemini_no_action/1050.png,235,2.0,3.0,2.0,2.0,2.0,2.0,3.0,3.0,3.0,2.0,2.0,4.0,2.0,2.0
images/original/881.png,images/real_gpt4_self-refine/881.png,236,4.0,5.0,2.0,4.0,3.0,3.0,5.0,5.0,5.0,4.0,3.0,5.0,4.0,5.0
images/original/1053.png,images/real_gemini_self-refine/1053.png,237,3.0,4.0,3.0,4.0,3.0,3.0,5.0,4.0,5.0,4.0,4.0,5.0,3.0,4.0
images/original/412.png,images/real_gpt4_cot/412.png,238,1.0,2.0,1.0,1.0,2.0,2.0,3.0,3.0,3.0,2.0,2.0,4.0,2.0,2.0
images/original/938.png,images/real_gemini_direct/938.png,239,3.0,4.0,1.0,3.0,2.0,3.0,5.0,3.0,3.0,2.0,2.0,5.0,2.0,4.0
images/original/1087.png,images/real_gpt4_self-refine/1087.png,240,3.0,3.0,3.0,3.0,3.0,2.0,5.0,3.0,3.0,2.0,3.0,2.0,2.0,3.0
images/original/1175.png,images/real_gemini_self-refine/1175.png,241,3.0,5.0,2.0,4.0,3.0,3.0,5.0,3.0,4.0,3.0,4.0,5.0,2.0,3.0
images/original/868.png,images/real_gpt4_direct/868.png,242,4.0,4.0,4.0,4.0,2.0,3.0,5.0,4.0,4.0,3.0,5.0,4.0,3.0,4.0
images/original/369.png,images/real_gemini_no_action/369.png,243,1.0,3.0,2.0,1.0,1.0,2.0,3.0,1.0,1.0,1.0,2.0,5.0,2.0,1.0
images/original/137.png,images/real_gpt4_self-refine/137.png,244,3.0,5.0,3.0,2.0,2.0,3.0,5.0,3.0,4.0,2.0,3.0,4.0,2.0,3.0
images/original/WebSight_120.png,images/syn_gpt4_cot/WebSight_120.png,245,5.0,4.0,4.0,3.0,4.0,2.0,5.0,4.0,5.0,5.0,5.0,5.0,3.0,5.0
images/original/251.png,images/real_gpt4_cot/251.png,246,2.0,1.0,2.0,1.0,2.0,3.0,5.0,2.0,2.0,2.0,2.0,3.0,1.0,1.0
images/original/WebSight_276.png,images/syn_gpt4_cot/WebSight_276.png,247,5.0,5.0,5.0,4.0,3.0,3.0,5.0,5.0,4.0,4.0,4.0,5.0,2.0,5.0
images/original/58.png,images/real_gemini_cot/58.png,248,2.0,2.0,3.0,1.0,2.0,2.0,3.0,2.0,2.0,2.0,2.0,4.0,1.0,1.0
images/original/952.png,images/real_gemini_direct/952.png,249,2.0,3.0,2.0,4.0,1.0,2.0,3.0,3.0,4.0,3.0,3.0,5.0,3.0,4.0
images/original/318.png,images/real_gpt4_no_action/318.png,250,2.0,2.0,3.0,1.0,2.0,2.0,3.0,2.0,2.0,2.0,2.0,3.0,2.0,1.0
images/original/1175.png,images/real_gpt4_direct/1175.png,251,3.0,3.0,2.0,2.0,2.0,3.0,5.0,3.0,3.0,2.0,2.0,4.0,2.0,2.0
images/original/882.png,images/real_gpt4_direct/882.png,252,1.0,2.0,3.0,1.0,2.0,3.0,3.0,3.0,2.0,2.0,3.0,2.0,1.0,1.0
images/original/1199.png,images/real_gpt4_cot/1199.png,253,1.0,2.0,1.0,1.0,2.0,2.0,3.0,2.0,1.0,2.0,2.0,2.0,1.0,1.0
images/original/581.png,images/real_gpt4_cot/581.png,254,1.0,2.0,1.0,1.0,2.0,3.0,5.0,2.0,1.0,2.0,1.0,2.0,1.0,2.0
images/original/513.png,images/real_gpt4_cot/513.png,255,1.0,2.0,2.0,1.0,1.0,2.0,3.0,1.0,2.0,2.0,1.0,2.0,1.0,1.0
images/original/WebSight_269.png,images/syn_gpt4_cot/WebSight_269.png,256,3.0,3.0,3.0,1.0,3.0,3.0,5.0,4.0,3.0,3.0,3.0,5.0,3.0,3.0
images/original/137.png,images/real_gemini_no_action/137.png,257,1.0,1.0,2.0,1.0,1.0,2.0,2.0,1.0,1.0,1.0,2.0,1.0,2.0,1.0
images/original/137.png,images/real_gpt4_cot/137.png,258,2.0,2.0,2.0,1.0,2.0,3.0,5.0,3.0,1.0,2.0,2.0,3.0,2.0,2.0
images/original/98.png,images/real_gpt4_no_action/98.png,259,1.0,1.0,3.0,1.0,1.0,2.0,2.0,1.0,1.0,1.0,1.0,1.0,1.0,1.0
images/original/WebSight_30.png,images/syn_gpt4_cot/WebSight_30.png,260,2.0,2.0,1.0,1.0,2.0,2.0,5.0,2.0,1.0,3.0,1.0,5.0,2.0,2.0
images/original/707.png,images/real_gpt4_cot/707.png,261,1.0,2.0,2.0,1.0,1.0,2.0,3.0,3.0,1.0,2.0,1.0,2.0,1.0,1.0
images/original/1213.png,images/real_gpt4_no_action/1213.png,262,3.0,3.0,4.0,4.0,2.0,3.0,3.0,3.0,3.0,4.0,3.0,5.0,2.0,4.0
images/original/451.png,images/real_gpt4_self-refine/451.png,263,4.0,4.0,2.0,3.0,1.0,3.0,3.0,2.0,4.0,3.0,4.0,5.0,3.0,4.0
images/original/1206.png,images/real_gpt4_self-refine/1206.png,264,3.0,4.0,2.0,3.0,2.0,2.0,5.0,2.0,4.0,2.0,3.0,5.0,2.0,4.0
images/original/353.png,images/real_gpt4_direct/353.png,265,2.0,2.0,2.0,2.0,2.0,3.0,3.0,2.0,2.0,2.0,3.0,3.0,1.0,2.0
images/original/1176.png,images/real_gpt4_cot/1176.png,266,1.0,2.0,2.0,2.0,1.0,2.0,3.0,1.0,2.0,2.0,1.0,1.0,1.0,1.0
images/original/39.png,images/real_gemini_cot/39.png,267,2.0,3.0,2.0,1.0,1.0,3.0,3.0,2.0,2.0,3.0,2.0,4.0,1.0,3.0
images/original/340.png,images/real_gpt4_cot/340.png,268,2.0,2.0,2.0,1.0,2.0,3.0,5.0,3.0,2.0,2.0,3.0,3.0,1.0,2.0
images/original/595.png,images/real_gemini_self-refine/595.png,269,3.0,4.0,3.0,3.0,3.0,3.0,5.0,4.0,4.0,4.0,4.0,5.0,3.0,4.0
images/original/372.png,images/real_gemini_cot/372.png,270,5.0,4.0,4.0,4.0,3.0,4.0,5.0,4.0,4.0,4.0,5.0,5.0,2.0,5.0
images/original/39.png,images/real_gpt4_cot/39.png,271,2.0,2.0,3.0,1.0,2.0,2.0,3.0,2.0,1.0,2.0,1.0,3.0,1.0,1.0
images/original/297.png,images/real_gpt4_no_action/297.png,272,1.0,2.0,2.0,1.0,1.0,2.0,3.0,2.0,1.0,2.0,1.0,2.0,1.0,2.0
images/original/1199.png,images/real_gpt4_no_action/1199.png,273,2.0,3.0,2.0,1.0,2.0,2.0,3.0,2.0,3.0,3.0,2.0,3.0,2.0,3.0
images/original/406.png,images/real_gemini_direct/406.png,274,1.0,3.0,2.0,1.0,2.0,2.0,3.0,1.0,1.0,2.0,2.0,4.0,2.0,1.0
images/original/WebSight_189.png,images/syn_gpt4_cot/WebSight_189.png,275,5.0,4.0,4.0,4.0,3.0,3.0,5.0,5.0,4.0,5.0,4.0,5.0,3.0,5.0
images/original/30.png,images/real_gpt4_direct/30.png,276,3.0,3.0,2.0,3.0,2.0,2.0,5.0,4.0,2.0,3.0,3.0,2.0,2.0,3.0
images/original/412.png,images/real_gemini_direct/412.png,277,3.0,2.0,1.0,1.0,1.0,2.0,3.0,2.0,2.0,3.0,1.0,4.0,1.0,1.0
images/original/550.png,images/real_gemini_cot/550.png,278,2.0,3.0,2.0,2.0,2.0,3.0,3.0,2.0,4.0,3.0,3.0,4.0,2.0,3.0
images/original/WebSight_98.png,images/syn_gpt4_cot/WebSight_98.png,279,2.0,3.0,2.0,3.0,2.0,3.0,3.0,3.0,4.0,4.0,3.0,5.0,4.0,4.0
images/original/WebSight_221.png,images/syn_gpt4_cot/WebSight_221.png,280,4.0,4.0,4.0,4.0,1.0,3.0,5.0,3.0,5.0,4.0,4.0,5.0,3.0,5.0
images/original/378.png,images/real_gpt4_no_action/378.png,281,2.0,2.0,2.0,1.0,2.0,2.0,3.0,2.0,1.0,3.0,3.0,5.0,3.0,4.0
images/original/938.png,images/real_gpt4_no_action/938.png,282,1.0,1.0,2.0,1.0,1.0,1.0,3.0,1.0,1.0,2.0,1.0,2.0,1.0,1.0
images/original/58.png,images/real_gpt4_self-refine/58.png,283,1.0,1.0,1.0,1.0,1.0,1.0,3.0,1.0,1.0,1.0,1.0,2.0,1.0,1.0
images/original/459.png,images/real_gpt4_cot/459.png,284,3.0,3.0,1.0,3.0,2.0,3.0,5.0,3.0,3.0,2.0,4.0,3.0,2.0,3.0
images/original/581.png,images/real_gemini_direct/581.png,285,3.0,4.0,2.0,3.0,2.0,3.0,5.0,4.0,4.0,2.0,3.0,4.0,2.0,4.0
images/original/WebSight_1.png,images/syn_gpt4_cot/WebSight_1.png,286,3.0,3.0,3.0,2.0,3.0,3.0,5.0,4.0,5.0,4.0,3.0,5.0,3.0,4.0
images/original/655.png,images/real_gemini_cot/655.png,287,1.0,1.0,1.0,1.0,1.0,1.0,3.0,1.0,1.0,2.0,1.0,1.0,1.0,1.0
images/original/406.png,images/real_gpt4_cot/406.png,288,2.0,3.0,1.0,1.0,2.0,1.0,3.0,1.0,1.0,3.0,3.0,4.0,2.0,3.0
images/original/128.png,images/real_gemini_cot/128.png,289,2.0,3.0,2.0,1.0,2.0,3.0,3.0,1.0,3.0,3.0,3.0,5.0,3.0,3.0
images/original/1197.png,images/real_gemini_cot/1197.png,290,3.0,4.0,1.0,2.0,1.0,3.0,4.0,2.0,3.0,3.0,3.0,5.0,2.0,3.0
images/original/1046.png,images/real_gemini_no_action/1046.png,291,2.0,3.0,4.0,1.0,2.0,2.0,3.0,1.0,2.0,2.0,3.0,5.0,2.0,3.0
images/original/931.png,images/real_gemini_self-refine/931.png,292,2.0,2.0,3.0,1.0,2.0,1.0,4.0,2.0,1.0,2.0,2.0,2.0,1.0,2.0
images/original/369.png,images/real_gemini_self-refine/369.png,293,1.0,2.0,2.0,1.0,1.0,1.0,3.0,1.0,3.0,2.0,2.0,4.0,2.0,1.0
images/original/211.png,images/real_gemini_cot/211.png,294,4.0,3.0,3.0,1.0,2.0,2.0,4.0,2.0,4.0,3.0,3.0,4.0,3.0,2.0
images/original/512.png,images/real_gpt4_direct/512.png,295,1.0,2.0,2.0,2.0,1.0,3.0,4.0,2.0,3.0,2.0,2.0,3.0,1.0,1.0
images/original/WebSight_288.png,images/syn_gpt4_cot/WebSight_288.png,296,4.0,3.0,2.0,3.0,3.0,3.0,5.0,3.0,4.0,3.0,3.0,5.0,4.0,4.0
images/original/459.png,images/real_gpt4_self-refine/459.png,297,4.0,2.0,2.0,2.0,2.0,3.0,5.0,3.0,3.0,2.0,3.0,3.0,2.0,4.0
images/original/1025.png,images/real_gpt4_self-refine/1025.png,298,3.0,3.0,2.0,2.0,3.0,3.0,5.0,4.0,2.0,3.0,3.0,4.0,2.0,3.0
images/original/WebSight_13.png,images/syn_gpt4_cot/WebSight_13.png,299,4.0,4.0,3.0,3.0,3.0,3.0,5.0,5.0,4.0,4.0,4.0,5.0,4.0,5.0
images/original/147.png,images/real_gpt4_no_action/147.png,300,1.0,1.0,1.0,1.0,2.0,2.0,3.0,1.0,1.0,1.0,1.0,1.0,1.0,1.0
images/original/340.png,images/real_gpt4_direct/340.png,301,2.0,2.0,2.0,1.0,2.0,3.0,5.0,2.0,3.0,2.0,2.0,2.0,2.0,2.0
images/original/822.png,images/real_gemini_self-refine/822.png,302,1.0,2.0,3.0,1.0,2.0,1.0,5.0,2.0,2.0,2.0,2.0,2.0,2.0,1.0
images/original/1047.png,images/real_gemini_cot/1047.png,303,1.0,3.0,1.0,1.0,3.0,1.0,5.0,2.0,3.0,3.0,2.0,2.0,2.0,2.0
images/original/353.png,images/real_gemini_self-refine/353.png,304,4.0,4.0,2.0,3.0,1.0,3.0,4.0,2.0,4.0,3.0,4.0,5.0,3.0,4.0
images/original/658.png,images/real_gpt4_self-refine/658.png,305,1.0,2.0,1.0,2.0,2.0,2.0,5.0,3.0,2.0,2.0,3.0,2.0,2.0,2.0
images/original/368.png,images/real_gpt4_direct/368.png,306,5.0,4.0,4.0,4.0,3.0,3.0,5.0,5.0,5.0,4.0,5.0,5.0,4.0,5.0
images/original/1085.png,images/real_gpt4_cot/1085.png,307,5.0,3.0,2.0,5.0,5.0,5.0,5.0,5.0,5.0,5.0,5.0,5.0,5.0,5.0
images/original/353.png,images/real_gpt4_cot/353.png,308,2.0,2.0,2.0,1.0,2.0,3.0,3.0,2.0,3.0,1.0,3.0,2.0,1.0,2.0
images/original/626.png,images/real_gpt4_cot/626.png,309,1.0,1.0,1.0,1.0,2.0,2.0,3.0,1.0,2.0,2.0,1.0,1.0,1.0,1.0
images/original/60.png,images/real_gpt4_no_action/60.png,310,2.0,4.0,2.0,3.0,2.0,2.0,3.0,2.0,2.0,3.0,3.0,4.0,2.0,4.0
images/original/1046.png,images/real_gemini_self-refine/1046.png,311,3.0,4.0,3.0,1.0,2.0,2.0,5.0,2.0,4.0,3.0,3.0,5.0,3.0,3.0
images/original/273.png,images/real_gpt4_no_action/273.png,312,3.0,2.0,1.0,1.0,1.0,2.0,3.0,3.0,3.0,3.0,2.0,2.0,1.0,3.0
images/original/1050.png,images/real_gpt4_no_action/1050.png,313,2.0,2.0,1.0,1.0,1.0,1.0,3.0,3.0,3.0,2.0,2.0,2.0,2.0,2.0
images/original/1085.png,images/real_gpt4_direct/1085.png,314,5.0,3.0,2.0,5.0,5.0,5.0,5.0,5.0,5.0,5.0,5.0,5.0,5.0,5.0
images/original/339.png,images/real_gemini_no_action/339.png,315,1.0,1.0,1.0,1.0,1.0,1.0,3.0,2.0,2.0,3.0,1.0,4.0,3.0,3.0
images/original/137.png,images/real_gpt4_direct/137.png,316,3.0,2.0,2.0,3.0,2.0,1.0,5.0,3.0,4.0,2.0,3.0,3.0,2.0,3.0
images/original/627.png,images/real_gpt4_self-refine/627.png,317,2.0,1.0,1.0,1.0,1.0,1.0,2.0,1.0,1.0,2.0,1.0,2.0,1.0,1.0
images/original/540.png,images/real_gpt4_cot/540.png,318,3.0,3.0,3.0,3.0,1.0,3.0,5.0,3.0,3.0,2.0,3.0,4.0,2.0,4.0
images/original/1147.png,images/real_gemini_no_action/1147.png,319,1.0,1.0,1.0,1.0,1.0,1.0,2.0,1.0,1.0,1.0,1.0,1.0,1.0,1.0
images/original/580.png,images/real_gpt4_self-refine/580.png,320,1.0,2.0,1.0,1.0,1.0,2.0,2.0,1.0,1.0,1.0,1.0,2.0,1.0,1.0
images/original/825.png,images/real_gpt4_direct/825.png,321,1.0,1.0,1.0,1.0,1.0,3.0,3.0,1.0,1.0,2.0,1.0,1.0,1.0,1.0
images/original/WebSight_113.png,images/syn_gpt4_cot/WebSight_113.png,322,3.0,4.0,2.0,3.0,1.0,4.0,3.0,5.0,3.0,5.0,3.0,5.0,1.0,4.0
images/original/495.png,images/real_gemini_cot/495.png,323,2.0,3.0,2.0,2.0,1.0,3.0,3.0,3.0,3.0,2.0,2.0,5.0,2.0,3.0
images/original/105.png,images/real_gemini_no_action/105.png,324,1.0,1.0,1.0,1.0,1.0,1.0,3.0,1.0,1.0,1.0,1.0,1.0,1.0,1.0
images/original/372.png,images/real_gemini_direct/372.png,325,4.0,4.0,4.0,3.0,3.0,3.0,5.0,3.0,4.0,4.0,4.0,5.0,3.0,5.0
images/original/1147.png,images/real_gpt4_no_action/1147.png,326,2.0,2.0,2.0,1.0,1.0,2.0,3.0,1.0,3.0,2.0,2.0,4.0,2.0,2.0
images/original/1087.png,images/real_gpt4_cot/1087.png,327,3.0,2.0,2.0,2.0,3.0,3.0,5.0,3.0,3.0,2.0,3.0,2.0,2.0,3.0
images/original/363.png,images/real_gpt4_direct/363.png,328,2.0,1.0,2.0,1.0,2.0,1.0,3.0,2.0,2.0,1.0,1.0,2.0,1.0,1.0
images/original/70.png,images/real_gpt4_direct/70.png,329,1.0,1.0,1.0,1.0,1.0,1.0,3.0,2.0,1.0,2.0,2.0,2.0,1.0,1.0
images/original/224.png,images/real_gpt4_no_action/224.png,330,3.0,2.0,1.0,2.0,2.0,2.0,3.0,3.0,3.0,2.0,3.0,2.0,1.0,1.0
images/original/1013.png,images/real_gemini_no_action/1013.png,331,1.0,2.0,1.0,1.0,2.0,1.0,3.0,1.0,2.0,2.0,2.0,4.0,2.0,3.0
images/original/156.png,images/real_gemini_self-refine/156.png,332,1.0,2.0,1.0,1.0,2.0,1.0,3.0,1.0,2.0,2.0,1.0,4.0,2.0,1.0
images/original/1088.png,images/real_gemini_no_action/1088.png,333,1.0,2.0,2.0,1.0,1.0,1.0,3.0,1.0,1.0,2.0,1.0,2.0,1.0,1.0
images/original/WebSight_81.png,images/syn_gpt4_cot/WebSight_81.png,334,4.0,4.0,1.0,4.0,3.0,4.0,5.0,4.0,4.0,4.0,4.0,5.0,3.0,5.0
images/original/98.png,images/real_gemini_no_action/98.png,335,3.0,3.0,3.0,3.0,3.0,3.0,4.0,3.0,3.0,2.0,2.0,4.0,2.0,3.0
images/original/147.png,images/real_gpt4_self-refine/147.png,336,2.0,2.0,2.0,2.0,2.0,3.0,5.0,3.0,2.0,2.0,3.0,2.0,1.0,2.0
images/original/1085.png,images/real_gpt4_self-refine/1085.png,337,5.0,3.0,2.0,5.0,5.0,5.0,5.0,5.0,5.0,5.0,5.0,5.0,5.0,5.0
images/original/1206.png,images/real_gpt4_no_action/1206.png,338,1.0,1.0,2.0,1.0,2.0,1.0,3.0,1.0,3.0,1.0,1.0,2.0,2.0,1.0
images/original/251.png,images/real_gpt4_no_action/251.png,339,1.0,1.0,1.0,1.0,1.0,1.0,3.0,1.0,2.0,2.0,1.0,2.0,1.0,1.0
images/original/673.png,images/real_gpt4_cot/673.png,340,2.0,2.0,2.0,1.0,1.0,1.0,3.0,2.0,2.0,2.0,2.0,2.0,2.0,1.0
images/original/61.png,images/real_gpt4_direct/61.png,341,3.0,2.0,1.0,1.0,1.0,2.0,5.0,3.0,4.0,2.0,1.0,2.0,2.0,1.0
images/original/865.png,images/real_gpt4_no_action/865.png,342,2.0,3.0,2.0,1.0,1.0,3.0,3.0,3.0,3.0,2.0,3.0,4.0,2.0,2.0
images/original/859.png,images/real_gemini_direct/859.png,343,1.0,4.0,1.0,1.0,2.0,3.0,3.0,2.0,3.0,2.0,3.0,5.0,3.0,3.0
images/original/WebSight_88.png,images/syn_gpt4_cot/WebSight_88.png,344,3.0,3.0,2.0,3.0,2.0,3.0,5.0,3.0,2.0,5.0,3.0,5.0,4.0,4.0
images/original/200.png,images/real_gpt4_direct/200.png,345,2.0,2.0,2.0,2.0,2.0,3.0,5.0,2.0,2.0,3.0,2.0,3.0,2.0,2.0
images/original/156.png,images/real_gemini_direct/156.png,346,1.0,1.0,1.0,1.0,1.0,1.0,3.0,1.0,2.0,1.0,2.0,3.0,2.0,1.0
images/original/1213.png,images/real_gpt4_direct/1213.png,347,3.0,3.0,2.0,3.0,2.0,3.0,3.0,3.0,3.0,4.0,3.0,5.0,3.0,5.0
images/original/829.png,images/real_gemini_cot/829.png,348,4.0,3.0,2.0,2.0,2.0,2.0,3.0,2.0,2.0,3.0,3.0,4.0,3.0,4.0
images/original/938.png,images/real_gpt4_self-refine/938.png,349,3.0,2.0,3.0,3.0,2.0,3.0,5.0,3.0,2.0,2.0,2.0,3.0,2.0,4.0
images/original/1053.png,images/real_gpt4_cot/1053.png,350,2.0,2.0,2.0,2.0,2.0,3.0,5.0,3.0,3.0,3.0,3.0,2.0,2.0,3.0
images/original/1115.png,images/real_gpt4_cot/1115.png,351,4.0,3.0,1.0,3.0,2.0,3.0,5.0,4.0,4.0,4.0,3.0,4.0,2.0,4.0
images/original/655.png,images/real_gemini_no_action/655.png,352,3.0,3.0,2.0,3.0,2.0,3.0,5.0,4.0,4.0,3.0,3.0,4.0,3.0,3.0
images/original/412.png,images/real_gemini_self-refine/412.png,353,2.0,2.0,1.0,1.0,2.0,2.0,3.0,2.0,1.0,3.0,1.0,3.0,2.0,1.0
images/original/WebSight_95.png,images/syn_gpt4_cot/WebSight_95.png,354,4.0,5.0,4.0,4.0,2.0,3.0,5.0,4.0,4.0,4.0,3.0,5.0,4.0,5.0
images/original/252.png,images/real_gpt4_direct/252.png,355,2.0,3.0,2.0,2.0,2.0,2.0,5.0,2.0,2.0,3.0,2.0,4.0,2.0,2.0
images/original/1213.png,images/real_gpt4_cot/1213.png,356,3.0,3.0,2.0,4.0,3.0,3.0,4.0,3.0,4.0,4.0,3.0,5.0,4.0,5.0
images/original/378.png,images/real_gemini_direct/378.png,357,1.0,2.0,1.0,1.0,1.0,1.0,3.0,2.0,2.0,2.0,1.0,2.0,1.0,1.0
images/original/1213.png,images/real_gemini_cot/1213.png,358,1.0,2.0,1.0,1.0,1.0,1.0,2.0,1.0,2.0,3.0,1.0,4.0,2.0,1.0
images/original/39.png,images/real_gpt4_self-refine/39.png,359,1.0,1.0,1.0,1.0,1.0,1.0,2.0,1.0,3.0,1.0,1.0,2.0,1.0,1.0
images/original/128.png,images/real_gpt4_cot/128.png,360,3.0,3.0,2.0,3.0,2.0,3.0,4.0,3.0,4.0,4.0,3.0,5.0,3.0,4.0
images/original/581.png,images/real_gpt4_direct/581.png,361,1.0,2.0,1.0,1.0,2.0,1.0,2.0,2.0,2.0,2.0,2.0,2.0,1.0,2.0
images/original/604.png,images/real_gpt4_cot/604.png,362,1.0,2.0,2.0,1.0,2.0,2.0,3.0,3.0,2.0,3.0,3.0,2.0,1.0,2.0
images/original/360.png,images/real_gpt4_cot/360.png,363,1.0,2.0,3.0,2.0,3.0,3.0,5.0,2.0,1.0,2.0,2.0,3.0,1.0,1.0
images/original/689.png,images/real_gpt4_no_action/689.png,364,4.0,3.0,2.0,1.0,3.0,1.0,5.0,3.0,1.0,3.0,1.0,5.0,4.0,1.0
images/original/58.png,images/real_gemini_no_action/58.png,365,1.0,1.0,2.0,1.0,2.0,1.0,3.0,1.0,1.0,2.0,1.0,2.0,1.0,1.0
images/original/1043.png,images/real_gpt4_cot/1043.png,366,1.0,1.0,1.0,1.0,2.0,1.0,3.0,1.0,1.0,2.0,1.0,2.0,1.0,1.0
images/original/695.png,images/real_gemini_no_action/695.png,367,2.0,3.0,2.0,2.0,1.0,2.0,4.0,2.0,3.0,2.0,3.0,4.0,3.0,3.0
images/original/952.png,images/real_gpt4_self-refine/952.png,368,2.0,2.0,3.0,2.0,3.0,3.0,4.0,3.0,3.0,3.0,3.0,3.0,2.0,3.0
images/original/6.png,images/real_gpt4_cot/6.png,369,1.0,1.0,1.0,2.0,2.0,2.0,3.0,2.0,2.0,2.0,1.0,3.0,2.0,2.0
images/original/60.png,images/real_gpt4_self-refine/60.png,370,1.0,2.0,2.0,1.0,2.0,2.0,4.0,1.0,1.0,3.0,1.0,4.0,1.0,2.0
images/original/406.png,images/real_gpt4_direct/406.png,371,1.0,2.0,1.0,2.0,2.0,2.0,3.0,2.0,2.0,3.0,1.0,4.0,3.0,3.0
images/original/834.png,images/real_gpt4_direct/834.png,372,3.0,2.0,3.0,1.0,3.0,3.0,4.0,3.0,2.0,2.0,2.0,3.0,1.0,3.0
images/original/952.png,images/real_gemini_no_action/952.png,373,4.0,4.0,3.0,4.0,2.0,3.0,4.0,2.0,4.0,3.0,3.0,5.0,4.0,4.0
images/original/224.png,images/real_gemini_no_action/224.png,374,4.0,4.0,2.0,3.0,2.0,3.0,3.0,2.0,4.0,2.0,3.0,4.0,2.0,4.0
images/original/164.png,images/real_gpt4_no_action/164.png,375,1.0,2.0,1.0,1.0,2.0,2.0,3.0,1.0,1.0,2.0,1.0,2.0,1.0,1.0
images/original/128.png,images/real_gemini_self-refine/128.png,376,2.0,2.0,2.0,3.0,2.0,2.0,4.0,3.0,2.0,4.0,3.0,4.0,3.0,3.0
images/original/WebSight_89.png,images/syn_gpt4_cot/WebSight_89.png,377,4.0,3.0,2.0,4.0,4.0,3.0,3.0,3.0,3.0,5.0,3.0,5.0,4.0,5.0
images/original/370.png,images/real_gpt4_direct/370.png,378,2.0,3.0,3.0,2.0,3.0,3.0,5.0,3.0,3.0,3.0,2.0,2.0,1.0,2.0
images/original/318.png,images/real_gpt4_direct/318.png,379,2.0,2.0,1.0,2.0,2.0,2.0,5.0,2.0,2.0,2.0,2.0,2.0,1.0,2.0
images/original/1025.png,images/real_gemini_cot/1025.png,380,4.0,4.0,4.0,3.0,3.0,3.0,3.0,2.0,4.0,2.0,3.0,4.0,2.0,3.0
images/original/859.png,images/real_gemini_no_action/859.png,381,3.0,3.0,3.0,3.0,2.0,2.0,3.0,2.0,4.0,2.0,3.0,4.0,3.0,4.0
images/original/859.png,images/real_gemini_self-refine/859.png,382,3.0,4.0,2.0,3.0,1.0,2.0,5.0,2.0,3.0,3.0,3.0,3.0,3.0,3.0
images/original/585.png,images/real_gemini_direct/585.png,383,1.0,2.0,1.0,1.0,1.0,2.0,3.0,1.0,2.0,2.0,1.0,4.0,2.0,2.0
images/original/495.png,images/real_gemini_self-refine/495.png,384,5.0,3.0,3.0,4.0,2.0,3.0,5.0,4.0,5.0,4.0,4.0,5.0,4.0,5.0
images/original/822.png,images/real_gpt4_cot/822.png,385,1.0,2.0,2.0,1.0,2.0,3.0,5.0,1.0,2.0,2.0,1.0,2.0,1.0,1.0
images/original/378.png,images/real_gpt4_cot/378.png,386,1.0,1.0,1.0,1.0,2.0,1.0,3.0,1.0,1.0,2.0,1.0,3.0,2.0,1.0
images/original/689.png,images/real_gpt4_direct/689.png,387,4.0,2.0,2.0,3.0,2.0,3.0,3.0,2.0,3.0,2.0,1.0,4.0,1.0,1.0
images/original/WebSight_209.png,images/syn_gpt4_cot/WebSight_209.png,388,5.0,4.0,4.0,5.0,4.0,3.0,5.0,5.0,5.0,5.0,4.0,5.0,4.0,5.0
images/original/273.png,images/real_gpt4_direct/273.png,389,2.0,2.0,2.0,2.0,3.0,3.0,3.0,3.0,1.0,2.0,1.0,2.0,2.0,3.0
images/original/321.png,images/real_gpt4_cot/321.png,390,2.0,2.0,2.0,2.0,3.0,2.0,3.0,2.0,3.0,3.0,3.0,2.0,1.0,2.0
images/original/655.png,images/real_gpt4_no_action/655.png,391,3.0,3.0,3.0,3.0,3.0,3.0,3.0,3.0,4.0,4.0,4.0,5.0,3.0,4.0
images/original/881.png,images/real_gemini_cot/881.png,392,1.0,1.0,2.0,2.0,1.0,3.0,3.0,1.0,4.0,2.0,2.0,4.0,3.0,2.0
images/original/581.png,images/real_gpt4_self-refine/581.png,393,1.0,1.0,2.0,1.0,1.0,2.0,3.0,2.0,2.0,2.0,2.0,2.0,1.0,1.0
images/original/1085.png,images/real_gemini_cot/1085.png,394,5.0,2.0,2.0,5.0,5.0,5.0,5.0,5.0,5.0,5.0,5.0,5.0,5.0,5.0
images/original/WebSight_49.png,images/syn_gpt4_cot/WebSight_49.png,395,3.0,4.0,3.0,4.0,4.0,3.0,5.0,4.0,4.0,4.0,3.0,5.0,3.0,5.0
images/original/211.png,images/real_gemini_self-refine/211.png,396,3.0,3.0,3.0,4.0,2.0,3.0,5.0,2.0,4.0,2.0,3.0,5.0,2.0,2.0
images/original/658.png,images/real_gpt4_no_action/658.png,397,1.0,1.0,2.0,1.0,2.0,1.0,3.0,1.0,2.0,2.0,1.0,2.0,1.0,1.0
images/original/513.png,images/real_gpt4_direct/513.png,398,1.0,1.0,2.0,1.0,2.0,1.0,2.0,2.0,2.0,2.0,2.0,2.0,2.0,1.0
images/original/252.png,images/real_gemini_direct/252.png,399,2.0,2.0,2.0,2.0,1.0,1.0,4.0,2.0,1.0,3.0,3.0,3.0,2.0,2.0
images/original/905.png,images/real_gemini_no_action/905.png,400,3.0,1.0,2.0,1.0,2.0,1.0,3.0,3.0,3.0,3.0,2.0,4.0,1.0,3.0
images/original/WebSight_75.png,images/syn_gpt4_cot/WebSight_75.png,401,4.0,3.0,4.0,4.0,3.0,3.0,5.0,3.0,5.0,4.0,4.0,5.0,3.0,5.0
images/original/1025.png,images/real_gpt4_no_action/1025.png,402,1.0,2.0,2.0,1.0,2.0,3.0,3.0,2.0,2.0,2.0,1.0,2.0,1.0,2.0
images/original/58.png,images/real_gpt4_direct/58.png,403,1.0,1.0,1.0,1.0,2.0,2.0,3.0,1.0,2.0,2.0,1.0,2.0,1.0,1.0
images/original/422.png,images/real_gpt4_self-refine/422.png,404,1.0,2.0,1.0,1.0,2.0,2.0,2.0,2.0,1.0,3.0,1.0,4.0,1.0,1.0
images/original/WebSight_195.png,images/syn_gpt4_cot/WebSight_195.png,405,4.0,4.0,3.0,4.0,4.0,4.0,5.0,5.0,5.0,4.0,4.0,5.0,3.0,5.0
images/original/899.png,images/real_gpt4_cot/899.png,406,1.0,1.0,1.0,1.0,1.0,1.0,4.0,2.0,1.0,1.0,1.0,1.0,1.0,1.0
images/original/WebSight_186.png,images/syn_gpt4_cot/WebSight_186.png,407,4.0,3.0,3.0,4.0,4.0,3.0,4.0,4.0,4.0,5.0,4.0,5.0,4.0,5.0
images/original/605.png,images/real_gemini_no_action/605.png,408,1.0,2.0,2.0,1.0,2.0,2.0,3.0,1.0,2.0,2.0,3.0,4.0,1.0,1.0
images/original/931.png,images/real_gpt4_cot/931.png,409,2.0,1.0,2.0,2.0,2.0,2.0,4.0,3.0,1.0,2.0,1.0,2.0,2.0,1.0
images/original/1047.png,images/real_gemini_no_action/1047.png,410,3.0,2.0,1.0,2.0,2.0,2.0,3.0,1.0,1.0,3.0,3.0,4.0,3.0,2.0
images/original/378.png,images/real_gpt4_self-refine/378.png,411,1.0,1.0,1.0,1.0,2.0,1.0,3.0,2.0,1.0,2.0,1.0,3.0,2.0,1.0
images/original/595.png,images/real_gpt4_cot/595.png,412,1.0,2.0,2.0,1.0,2.0,2.0,5.0,2.0,2.0,3.0,3.0,3.0,2.0,2.0
images/original/532.png,images/real_gemini_self-refine/532.png,413,5.0,5.0,3.0,4.0,3.0,2.0,3.0,4.0,5.0,3.0,4.0,5.0,3.0,5.0
images/original/909.png,images/real_gpt4_self-refine/909.png,414,4.0,3.0,3.0,4.0,3.0,3.0,5.0,4.0,4.0,4.0,4.0,4.0,2.0,5.0
images/original/151.png,images/real_gpt4_self-refine/151.png,415,1.0,2.0,2.0,2.0,3.0,3.0,5.0,2.0,2.0,2.0,3.0,2.0,1.0,1.0
images/original/1047.png,images/real_gpt4_cot/1047.png,416,3.0,3.0,3.0,3.0,3.0,2.0,4.0,3.0,2.0,4.0,3.0,5.0,3.0,3.0
images/original/WebSight_90.png,images/syn_gpt4_cot/WebSight_90.png,417,2.0,3.0,2.0,3.0,3.0,3.0,4.0,3.0,3.0,4.0,4.0,5.0,4.0,4.0
images/original/266.png,images/real_gemini_cot/266.png,418,1.0,3.0,2.0,2.0,2.0,2.0,2.0,1.0,2.0,3.0,3.0,4.0,2.0,3.0
images/original/164.png,images/real_gpt4_cot/164.png,419,1.0,1.0,2.0,1.0,2.0,2.0,3.0,1.0,1.0,2.0,1.0,2.0,1.0,1.0
images/original/1043.png,images/real_gemini_direct/1043.png,420,1.0,1.0,3.0,1.0,2.0,2.0,3.0,1.0,1.0,2.0,1.0,2.0,1.0,1.0
images/original/WebSight_15.png,images/syn_gpt4_cot/WebSight_15.png,421,3.0,3.0,2.0,3.0,2.0,2.0,3.0,3.0,4.0,5.0,4.0,5.0,4.0,5.0
images/original/689.png,images/real_gemini_direct/689.png,422,1.0,1.0,2.0,1.0,2.0,1.0,3.0,1.0,1.0,1.0,1.0,2.0,1.0,1.0
images/original/905.png,images/real_gpt4_no_action/905.png,423,2.0,1.0,2.0,2.0,2.0,1.0,3.0,2.0,1.0,2.0,1.0,3.0,2.0,2.0
images/original/580.png,images/real_gpt4_cot/580.png,424,1.0,1.0,1.0,1.0,2.0,1.0,4.0,2.0,1.0,1.0,1.0,2.0,1.0,1.0
images/original/WebSight_134.png,images/syn_gpt4_cot/WebSight_134.png,425,4.0,4.0,4.0,4.0,3.0,3.0,5.0,4.0,4.0,5.0,4.0,5.0,4.0,5.0
images/original/224.png,images/real_gpt4_direct/224.png,426,3.0,3.0,2.0,4.0,2.0,1.0,4.0,3.0,4.0,3.0,3.0,3.0,2.0,4.0
images/original/853.png,images/real_gpt4_no_action/853.png,427,2.0,3.0,2.0,3.0,2.0,2.0,3.0,1.0,2.0,3.0,1.0,4.0,2.0,3.0
images/original/341.png,images/real_gpt4_no_action/341.png,428,1.0,1.0,1.0,1.0,1.0,2.0,3.0,1.0,2.0,2.0,1.0,2.0,1.0,1.0
images/original/1085.png,images/real_gemini_direct/1085.png,429,3.0,4.0,3.0,5.0,5.0,5.0,5.0,5.0,5.0,5.0,5.0,5.0,5.0,5.0
images/original/512.png,images/real_gemini_cot/512.png,430,2.0,3.0,2.0,1.0,2.0,2.0,3.0,1.0,1.0,2.0,3.0,2.0,1.0,3.0
images/original/905.png,images/real_gpt4_self-refine/905.png,431,3.0,2.0,3.0,2.0,2.0,3.0,5.0,2.0,3.0,3.0,3.0,3.0,2.0,2.0
images/original/882.png,images/real_gpt4_self-refine/882.png,432,2.0,1.0,2.0,1.0,2.0,2.0,3.0,3.0,2.0,2.0,3.0,2.0,1.0,2.0
images/original/WebSight_109.png,images/syn_gpt4_cot/WebSight_109.png,433,4.0,3.0,2.0,3.0,2.0,2.0,5.0,4.0,4.0,4.0,4.0,5.0,4.0,5.0
images/original/268.png,images/real_gpt4_self-refine/268.png,434,2.0,2.0,3.0,1.0,2.0,3.0,5.0,2.0,3.0,3.0,3.0,3.0,1.0,3.0
images/original/515.png,images/real_gpt4_cot/515.png,435,1.0,1.0,2.0,1.0,2.0,2.0,3.0,1.0,2.0,2.0,1.0,2.0,2.0,1.0
images/original/422.png,images/real_gpt4_cot/422.png,436,1.0,2.0,2.0,1.0,2.0,2.0,3.0,3.0,2.0,2.0,1.0,3.0,1.0,2.0
images/original/WebSight_107.png,images/syn_gpt4_cot/WebSight_107.png,437,5.0,5.0,2.0,5.0,3.0,4.0,5.0,4.0,5.0,4.0,5.0,5.0,3.0,5.0
images/original/WebSight_71.png,images/syn_gpt4_cot/WebSight_71.png,438,4.0,4.0,2.0,5.0,3.0,3.0,5.0,4.0,5.0,4.0,4.0,5.0,4.0,5.0
images/original/WebSight_40.png,images/syn_gpt4_cot/WebSight_40.png,439,3.0,4.0,2.0,3.0,3.0,3.0,5.0,5.0,5.0,4.0,4.0,5.0,4.0,5.0
images/original/365.png,images/real_gpt4_direct/365.png,440,3.0,3.0,1.0,2.0,2.0,3.0,4.0,3.0,4.0,3.0,3.0,3.0,2.0,4.0
images/original/1088.png,images/real_gpt4_no_action/1088.png,441,1.0,2.0,2.0,1.0,2.0,2.0,3.0,3.0,2.0,2.0,2.0,2.0,1.0,2.0
images/original/342.png,images/real_gpt4_self-refine/342.png,442,1.0,2.0,2.0,4.0,3.0,2.0,4.0,3.0,1.0,3.0,3.0,2.0,1.0,4.0
images/original/825.png,images/real_gpt4_cot/825.png,443,1.0,2.0,1.0,1.0,2.0,2.0,3.0,2.0,2.0,2.0,2.0,2.0,1.0,3.0
images/original/1213.png,images/real_gemini_no_action/1213.png,444,2.0,3.0,1.0,1.0,3.0,3.0,3.0,1.0,3.0,4.0,3.0,5.0,3.0,2.0
images/original/952.png,images/real_gemini_cot/952.png,445,3.0,3.0,2.0,3.0,2.0,3.0,3.0,2.0,2.0,2.0,3.0,4.0,3.0,3.0
images/original/938.png,images/real_gemini_cot/938.png,446,2.0,2.0,2.0,3.0,2.0,3.0,5.0,4.0,1.0,2.0,3.0,3.0,2.0,3.0
images/original/WebSight_77.png,images/syn_gpt4_cot/WebSight_77.png,447,3.0,3.0,2.0,2.0,2.0,3.0,4.0,3.0,5.0,2.0,2.0,4.0,2.0,4.0
images/original/1025.png,images/real_gpt4_direct/1025.png,448,3.0,3.0,3.0,2.0,3.0,2.0,5.0,4.0,4.0,3.0,3.0,3.0,2.0,4.0
images/original/252.png,images/real_gpt4_no_action/252.png,449,1.0,1.0,2.0,1.0,2.0,2.0,3.0,1.0,2.0,2.0,1.0,2.0,1.0,1.0
images/original/147.png,images/real_gpt4_direct/147.png,450,2.0,1.0,3.0,2.0,2.0,2.0,5.0,2.0,2.0,2.0,2.0,2.0,1.0,2.0
images/original/WebSight_290.png,images/syn_gpt4_cot/WebSight_290.png,451,4.0,3.0,3.0,4.0,4.0,2.0,5.0,3.0,5.0,5.0,4.0,5.0,4.0,5.0
images/original/859.png,images/real_gpt4_cot/859.png,452,4.0,4.0,3.0,4.0,4.0,3.0,5.0,3.0,4.0,4.0,4.0,5.0,3.0,5.0
images/original/532.png,images/real_gpt4_no_action/532.png,453,1.0,1.0,2.0,2.0,3.0,1.0,3.0,2.0,1.0,2.0,1.0,2.0,2.0,3.0
images/original/881.png,images/real_gemini_no_action/881.png,454,4.0,4.0,2.0,4.0,3.0,3.0,5.0,5.0,5.0,4.0,4.0,5.0,3.0,5.0
images/original/868.png,images/real_gpt4_cot/868.png,455,5.0,4.0,3.0,3.0,3.0,4.0,5.0,5.0,4.0,4.0,4.0,4.0,3.0,5.0
images/original/WebSight_226.png,images/syn_gpt4_cot/WebSight_226.png,456,5.0,5.0,3.0,4.0,3.0,3.0,5.0,5.0,5.0,5.0,5.0,5.0,3.0,5.0
images/original/WebSight_62.png,images/syn_gpt4_cot/WebSight_62.png,457,3.0,3.0,4.0,3.0,4.0,4.0,3.0,3.0,3.0,4.0,4.0,5.0,4.0,5.0
images/original/905.png,images/real_gpt4_cot/905.png,458,3.0,2.0,2.0,1.0,2.0,3.0,5.0,3.0,3.0,3.0,2.0,2.0,2.0,3.0
images/original/6.png,images/real_gpt4_self-refine/6.png,459,1.0,1.0,2.0,2.0,2.0,2.0,3.0,1.0,2.0,2.0,2.0,3.0,1.0,1.0
images/original/626.png,images/real_gemini_cot/626.png,460,1.0,1.0,2.0,1.0,2.0,3.0,3.0,3.0,2.0,2.0,2.0,2.0,1.0,1.0
images/original/30.png,images/real_gpt4_cot/30.png,461,2.0,3.0,2.0,3.0,2.0,3.0,5.0,3.0,2.0,2.0,3.0,2.0,2.0,3.0
images/original/WebSight_39.png,images/syn_gpt4_cot/WebSight_39.png,462,3.0,4.0,2.0,4.0,4.0,3.0,5.0,5.0,5.0,4.0,3.0,5.0,4.0,5.0
images/original/266.png,images/real_gpt4_self-refine/266.png,463,1.0,1.0,2.0,1.0,2.0,3.0,3.0,1.0,2.0,1.0,2.0,1.0,1.0,1.0
images/original/WebSight_29.png,images/syn_gpt4_cot/WebSight_29.png,464,4.0,4.0,3.0,4.0,4.0,3.0,3.0,3.0,4.0,4.0,4.0,5.0,4.0,5.0
images/original/1197.png,images/real_gpt4_no_action/1197.png,465,2.0,2.0,2.0,1.0,2.0,2.0,3.0,3.0,2.0,2.0,1.0,2.0,2.0,1.0
images/original/105.png,images/real_gpt4_self-refine/105.png,466,1.0,1.0,1.0,1.0,1.0,2.0,3.0,2.0,1.0,2.0,2.0,2.0,1.0,2.0
images/original/532.png,images/real_gpt4_cot/532.png,467,2.0,2.0,2.0,1.0,3.0,2.0,3.0,3.0,1.0,3.0,2.0,1.0,2.0,3.0
images/original/WebSight_92.png,images/syn_gpt4_cot/WebSight_92.png,468,5.0,5.0,4.0,5.0,5.0,5.0,5.0,5.0,5.0,4.0,5.0,5.0,5.0,4.0
images/original/268.png,images/real_gpt4_no_action/268.png,469,1.0,2.0,2.0,1.0,1.0,1.0,3.0,1.0,1.0,2.0,1.0,2.0,1.0,1.0
images/original/655.png,images/real_gpt4_direct/655.png,470,4.0,4.0,3.0,4.0,3.0,3.0,4.0,4.0,5.0,4.0,4.0,5.0,4.0,5.0
images/original/77.png,images/real_gemini_no_action/77.png,471,1.0,2.0,2.0,1.0,1.0,1.0,3.0,2.0,1.0,2.0,2.0,2.0,3.0,2.0
images/original/WebSight_105.png,images/syn_gpt4_cot/WebSight_105.png,472,5.0,4.0,2.0,4.0,3.0,3.0,3.0,5.0,5.0,4.0,4.0,5.0,4.0,5.0
images/original/513.png,images/real_gpt4_self-refine/513.png,473,1.0,2.0,2.0,1.0,2.0,2.0,3.0,3.0,1.0,2.0,1.0,3.0,2.0,1.0
images/original/952.png,images/real_gemini_self-refine/952.png,474,2.0,3.0,2.0,3.0,2.0,3.0,4.0,3.0,4.0,3.0,3.0,5.0,3.0,3.0
images/original/495.png,images/real_gemini_no_action/495.png,475,1.0,3.0,2.0,1.0,1.0,2.0,3.0,2.0,2.0,2.0,3.0,4.0,3.0,1.0
images/original/1087.png,images/real_gemini_self-refine/1087.png,476,4.0,5.0,4.0,3.0,4.0,4.0,5.0,4.0,5.0,3.0,4.0,5.0,3.0,5.0
images/original/178.png,images/real_gpt4_direct/178.png,477,1.0,2.0,2.0,1.0,1.0,2.0,3.0,2.0,1.0,2.0,1.0,2.0,1.0,1.0
images/original/1047.png,images/real_gemini_direct/1047.png,478,4.0,3.0,2.0,4.0,3.0,4.0,3.0,3.0,4.0,3.0,3.0,4.0,3.0,4.0
images/original/WebSight_101.png,images/syn_gpt4_cot/WebSight_101.png,479,4.0,4.0,2.0,4.0,3.0,4.0,5.0,4.0,5.0,4.0,4.0,5.0,3.0,5.0
images/original/WebSight_115.png,images/syn_gpt4_cot/WebSight_115.png,480,2.0,2.0,1.0,1.0,1.0,2.0,3.0,2.0,2.0,2.0,3.0,3.0,2.0,1.0
images/original/550.png,images/real_gemini_direct/550.png,481,1.0,2.0,2.0,2.0,2.0,4.0,3.0,2.0,3.0,2.0,3.0,4.0,3.0,4.0
images/original/905.png,images/real_gemini_cot/905.png,482,4.0,3.0,2.0,3.0,2.0,3.0,5.0,3.0,3.0,3.0,4.0,3.0,2.0,4.0
images/original/223.png,images/real_gpt4_direct/223.png,483,1.0,1.0,2.0,1.0,2.0,2.0,3.0,2.0,2.0,3.0,2.0,2.0,1.0,2.0
images/original/WebSight_148.png,images/syn_gpt4_cot/WebSight_148.png,484,3.0,2.0,3.0,2.0,2.0,3.0,4.0,3.0,3.0,2.0,3.0,4.0,3.0,4.0
images/original/156.png,images/real_gpt4_self-refine/156.png,485,2.0,4.0,2.0,4.0,3.0,4.0,4.0,3.0,2.0,3.0,3.0,5.0,3.0,4.0
images/original/695.png,images/real_gpt4_self-refine/695.png,486,1.0,2.0,1.0,3.0,2.0,3.0,3.0,3.0,2.0,3.0,3.0,2.0,2.0,2.0
images/original/372.png,images/real_gpt4_cot/372.png,487,2.0,2.0,2.0,2.0,2.0,3.0,4.0,3.0,2.0,3.0,3.0,2.0,2.0,2.0
images/original/98.png,images/real_gpt4_cot/98.png,488,1.0,1.0,2.0,1.0,1.0,2.0,3.0,2.0,1.0,2.0,2.0,1.0,1.0,1.0
images/original/956.png,images/real_gemini_no_action/956.png,489,1.0,2.0,2.0,1.0,2.0,2.0,3.0,3.0,2.0,2.0,3.0,3.0,1.0,1.0
images/original/1043.png,images/real_gpt4_self-refine/1043.png,490,1.0,1.0,1.0,1.0,1.0,2.0,2.0,1.0,2.0,2.0,1.0,2.0,1.0,1.0
images/original/1036.png,images/real_gpt4_self-refine/1036.png,491,3.0,3.0,3.0,3.0,3.0,4.0,5.0,3.0,3.0,3.0,4.0,4.0,2.0,4.0
images/original/628.png,images/real_gemini_self-refine/628.png,492,1.0,2.0,2.0,3.0,2.0,3.0,3.0,2.0,3.0,2.0,2.0,5.0,3.0,4.0
images/original/604.png,images/real_gpt4_direct/604.png,493,1.0,1.0,2.0,2.0,2.0,3.0,3.0,3.0,2.0,3.0,2.0,2.0,1.0,1.0
images/original/369.png,images/real_gpt4_direct/369.png,494,1.0,2.0,2.0,1.0,2.0,3.0,3.0,1.0,2.0,2.0,2.0,2.0,1.0,1.0
images/original/595.png,images/real_gemini_cot/595.png,495,3.0,4.0,1.0,2.0,2.0,3.0,5.0,2.0,4.0,3.0,3.0,4.0,3.0,4.0
images/original/1024.png,images/real_gpt4_direct/1024.png,496,1.0,1.0,2.0,1.0,2.0,4.0,3.0,2.0,1.0,1.0,1.0,1.0,1.0,1.0
images/original/406.png,images/real_gpt4_no_action/406.png,497,1.0,2.0,3.0,3.0,1.0,2.0,3.0,1.0,4.0,3.0,3.0,4.0,3.0,5.0
images/original/6.png,images/real_gemini_direct/6.png,498,4.0,4.0,2.0,3.0,2.0,2.0,3.0,2.0,5.0,4.0,4.0,5.0,4.0,5.0
images/original/654.png,images/real_gpt4_cot/654.png,499,1.0,1.0,1.0,2.0,1.0,3.0,2.0,2.0,1.0,3.0,2.0,2.0,1.0,1.0
images/original/342.png,images/real_gemini_no_action/342.png,500,4.0,3.0,2.0,3.0,2.0,2.0,4.0,2.0,4.0,2.0,4.0,4.0,3.0,4.0
images/original/1197.png,images/real_gpt4_direct/1197.png,501,3.0,2.0,2.0,3.0,3.0,4.0,5.0,4.0,3.0,3.0,2.0,4.0,2.0,4.0
images/original/515.png,images/real_gpt4_direct/515.png,502,1.0,1.0,1.0,1.0,1.0,2.0,4.0,1.0,2.0,2.0,1.0,2.0,1.0,1.0
images/original/1087.png,images/real_gemini_cot/1087.png,503,3.0,3.0,3.0,3.0,3.0,3.0,5.0,3.0,4.0,3.0,3.0,4.0,3.0,4.0
images/original/1053.png,images/real_gpt4_self-refine/1053.png,504,4.0,4.0,4.0,4.0,4.0,3.0,5.0,5.0,5.0,3.0,5.0,5.0,4.0,5.0
images/original/WebSight_83.png,images/syn_gpt4_cot/WebSight_83.png,505,4.0,4.0,2.0,5.0,4.0,3.0,5.0,4.0,5.0,4.0,4.0,5.0,4.0,5.0
images/original/668.png,images/real_gpt4_self-refine/668.png,506,1.0,2.0,2.0,1.0,2.0,2.0,3.0,2.0,2.0,1.0,1.0,2.0,1.0,1.0
images/original/151.png,images/real_gpt4_cot/151.png,507,1.0,2.0,2.0,2.0,3.0,2.0,5.0,2.0,2.0,2.0,2.0,2.0,1.0,2.0
images/original/406.png,images/real_gpt4_self-refine/406.png,508,1.0,2.0,2.0,1.0,2.0,2.0,3.0,1.0,4.0,2.0,3.0,4.0,3.0,3.0
images/original/515.png,images/real_gpt4_self-refine/515.png,509,1.0,2.0,2.0,1.0,2.0,2.0,3.0,1.0,2.0,2.0,1.0,2.0,1.0,1.0
images/original/540.png,images/real_gpt4_no_action/540.png,510,1.0,1.0,2.0,1.0,1.0,2.0,3.0,1.0,1.0,1.0,1.0,1.0,2.0,1.0
images/original/339.png,images/real_gpt4_no_action/339.png,511,1.0,1.0,1.0,3.0,1.0,2.0,3.0,2.0,3.0,2.0,1.0,4.0,2.0,5.0
images/original/1050.png,images/real_gpt4_cot/1050.png,512,3.0,2.0,1.0,2.0,2.0,4.0,5.0,3.0,3.0,3.0,3.0,3.0,2.0,3.0
images/original/211.png,images/real_gemini_no_action/211.png,513,2.0,2.0,1.0,1.0,1.0,2.0,3.0,2.0,1.0,2.0,2.0,3.0,1.0,2.0
images/original/495.png,images/real_gpt4_cot/495.png,514,4.0,3.0,3.0,3.0,3.0,4.0,5.0,4.0,5.0,3.0,2.0,3.0,4.0,4.0
images/original/1046.png,images/real_gpt4_direct/1046.png,515,3.0,3.0,3.0,4.0,3.0,4.0,5.0,3.0,2.0,4.0,2.0,4.0,1.0,4.0
images/original/689.png,images/real_gpt4_cot/689.png,516,2.0,1.0,2.0,1.0,2.0,1.0,3.0,2.0,1.0,1.0,1.0,1.0,2.0,1.0
images/original/WebSight_87.png,images/syn_gpt4_cot/WebSight_87.png,517,3.0,3.0,3.0,3.0,3.0,3.0,5.0,3.0,3.0,3.0,3.0,5.0,3.0,3.0
images/original/1024.png,images/real_gpt4_self-refine/1024.png,518,1.0,1.0,2.0,2.0,2.0,4.0,3.0,2.0,2.0,2.0,1.0,3.0,1.0,2.0
images/original/WebSight_266.png,images/syn_gpt4_cot/WebSight_266.png,519,4.0,4.0,2.0,4.0,3.0,4.0,5.0,4.0,5.0,4.0,5.0,5.0,4.0,5.0
images/original/689.png,images/real_gemini_no_action/689.png,520,5.0,2.0,1.0,3.0,3.0,5.0,5.0,2.0,1.0,4.0,1.0,5.0,3.0,1.0
images/original/105.png,images/real_gpt4_no_action/105.png,521,1.0,1.0,2.0,1.0,1.0,2.0,3.0,2.0,1.0,2.0,1.0,2.0,1.0,1.0
images/original/363.png,images/real_gpt4_cot/363.png,522,1.0,2.0,2.0,1.0,2.0,1.0,3.0,3.0,2.0,2.0,1.0,3.0,1.0,2.0
images/original/1027.png,images/real_gpt4_cot/1027.png,523,2.0,2.0,3.0,2.0,3.0,4.0,3.0,3.0,2.0,2.0,3.0,4.0,1.0,3.0
images/original/1147.png,images/real_gpt4_cot/1147.png,524,2.0,2.0,2.0,3.0,3.0,2.0,5.0,3.0,3.0,3.0,2.0,4.0,1.0,4.0
images/original/406.png,images/real_gemini_cot/406.png,525,1.0,3.0,3.0,2.0,2.0,2.0,3.0,1.0,3.0,3.0,3.0,5.0,2.0,4.0
images/original/1013.png,images/real_gpt4_self-refine/1013.png,526,1.0,2.0,2.0,1.0,2.0,3.0,3.0,2.0,1.0,3.0,2.0,2.0,1.0,2.0
images/original/1047.png,images/real_gemini_self-refine/1047.png,527,1.0,3.0,2.0,1.0,2.0,4.0,3.0,2.0,4.0,3.0,3.0,2.0,2.0,3.0
images/original/847.png,images/real_gpt4_no_action/847.png,528,3.0,3.0,3.0,3.0,2.0,4.0,3.0,4.0,4.0,4.0,3.0,4.0,3.0,5.0
images/original/550.png,images/real_gpt4_cot/550.png,529,4.0,4.0,3.0,3.0,3.0,3.0,3.0,3.0,5.0,3.0,3.0,5.0,3.0,5.0
images/original/1046.png,images/real_gemini_cot/1046.png,530,2.0,3.0,2.0,2.0,3.0,3.0,5.0,2.0,3.0,3.0,3.0,3.0,4.0,4.0
images/original/1118.png,images/real_gpt4_no_action/1118.png,531,2.0,4.0,2.0,4.0,3.0,3.0,3.0,3.0,4.0,4.0,4.0,4.0,1.0,4.0
images/original/513.png,images/real_gemini_no_action/513.png,532,2.0,2.0,2.0,1.0,3.0,1.0,3.0,2.0,3.0,2.0,2.0,3.0,2.0,1.0
images/original/882.png,images/real_gpt4_cot/882.png,533,2.0,2.0,2.0,1.0,2.0,2.0,3.0,2.0,2.0,2.0,1.0,2.0,3.0,3.0
images/original/1175.png,images/real_gpt4_cot/1175.png,534,3.0,4.0,3.0,3.0,3.0,4.0,5.0,3.0,5.0,3.0,4.0,4.0,4.0,5.0
images/original/995.png,images/real_gemini_cot/995.png,535,4.0,3.0,3.0,4.0,2.0,4.0,5.0,3.0,4.0,3.0,4.0,5.0,3.0,5.0
images/original/363.png,images/real_gpt4_self-refine/363.png,536,1.0,1.0,2.0,1.0,1.0,1.0,3.0,2.0,2.0,2.0,2.0,2.0,1.0,1.0
images/original/513.png,images/real_gemini_direct/513.png,537,1.0,2.0,2.0,1.0,1.0,2.0,3.0,1.0,1.0,2.0,1.0,2.0,1.0,1.0
images/original/200.png,images/real_gemini_cot/200.png,538,1.0,1.0,1.0,1.0,1.0,1.0,3.0,1.0,1.0,1.0,1.0,2.0,1.0,1.0
images/original/1147.png,images/real_gpt4_direct/1147.png,539,2.0,2.0,2.0,3.0,2.0,4.0,5.0,3.0,4.0,3.0,4.0,5.0,4.0,4.0
images/original/WebSight_131.png,images/syn_gpt4_cot/WebSight_131.png,540,3.0,4.0,3.0,4.0,4.0,5.0,5.0,4.0,5.0,4.0,4.0,5.0,5.0,4.0
images/original/604.png,images/real_gemini_cot/604.png,541,3.0,2.0,2.0,3.0,2.0,3.0,5.0,3.0,4.0,3.0,3.0,4.0,4.0,3.0
images/original/147.png,images/real_gpt4_cot/147.png,542,1.0,1.0,2.0,2.0,2.0,3.0,5.0,2.0,2.0,2.0,1.0,2.0,3.0,2.0
images/original/WebSight_152.png,images/syn_gpt4_cot/WebSight_152.png,543,1.0,1.0,2.0,1.0,2.0,3.0,5.0,2.0,2.0,1.0,1.0,2.0,3.0,1.0
images/original/1087.png,images/real_gemini_no_action/1087.png,544,2.0,3.0,1.0,1.0,1.0,2.0,3.0,1.0,2.0,2.0,1.0,3.0,1.0,1.0
images/original/451.png,images/real_gpt4_direct/451.png,545,4.0,5.0,2.0,3.0,2.0,4.0,4.0,3.0,4.0,2.0,4.0,5.0,4.0,5.0
images/original/1013.png,images/real_gemini_direct/1013.png,546,2.0,3.0,2.0,1.0,2.0,3.0,3.0,3.0,4.0,3.0,3.0,3.0,3.0,4.0
images/original/WebSight_177.png,images/syn_gpt4_cot/WebSight_177.png,547,5.0,5.0,3.0,4.0,3.0,4.0,5.0,5.0,5.0,4.0,5.0,5.0,5.0,5.0
images/original/178.png,images/real_gpt4_cot/178.png,548,1.0,1.0,2.0,1.0,1.0,2.0,3.0,1.0,2.0,2.0,1.0,2.0,1.0,1.0
images/original/61.png,images/real_gpt4_cot/61.png,549,3.0,2.0,3.0,2.0,1.0,4.0,5.0,3.0,4.0,2.0,1.0,3.0,3.0,2.0
images/original/956.png,images/real_gpt4_self-refine/956.png,550,1.0,2.0,2.0,1.0,2.0,2.0,3.0,3.0,3.0,2.0,2.0,2.0,1.0,2.0
images/original/1197.png,images/real_gpt4_cot/1197.png,551,3.0,4.0,3.0,3.0,3.0,3.0,3.0,4.0,3.0,3.0,4.0,4.0,4.0,4.0
images/original/881.png,images/real_gpt4_cot/881.png,552,3.0,4.0,3.0,3.0,3.0,2.0,3.0,4.0,4.0,3.0,3.0,5.0,3.0,4.0
images/original/655.png,images/real_gpt4_cot/655.png,553,4.0,3.0,2.0,4.0,3.0,4.0,3.0,4.0,5.0,4.0,4.0,4.0,4.0,4.0
images/original/1147.png,images/real_gpt4_self-refine/1147.png,554,3.0,2.0,3.0,4.0,2.0,4.0,5.0,4.0,4.0,3.0,4.0,4.0,5.0,5.0
images/original/128.png,images/real_gpt4_no_action/128.png,555,1.0,3.0,2.0,3.0,2.0,2.0,3.0,2.0,4.0,3.0,3.0,5.0,2.0,4.0
images/original/360.png,images/real_gpt4_self-refine/360.png,556,1.0,1.0,2.0,1.0,2.0,3.0,5.0,2.0,2.0,2.0,1.0,2.0,2.0,2.0
images/original/105.png,images/real_gpt4_direct/105.png,557,1.0,1.0,1.0,1.0,1.0,2.0,3.0,1.0,2.0,1.0,1.0,1.0,1.0,1.0
images/original/707.png,images/real_gemini_no_action/707.png,558,1.0,2.0,2.0,2.0,2.0,2.0,3.0,2.0,2.0,3.0,3.0,4.0,2.0,4.0
images/original/668.png,images/real_gpt4_cot/668.png,559,4.0,2.0,2.0,1.0,1.0,1.0,4.0,2.0,1.0,2.0,2.0,1.0,1.0,4.0
images/original/297.png,images/real_gpt4_direct/297.png,560,2.0,2.0,2.0,2.0,2.0,3.0,5.0,3.0,2.0,2.0,2.0,3.0,3.0,3.0
images/original/WebSight_213.png,images/syn_gpt4_cot/WebSight_213.png,561,3.0,3.0,3.0,1.0,3.0,2.0,3.0,3.0,4.0,3.0,3.0,5.0,4.0,4.0
images/original/655.png,images/real_gpt4_self-refine/655.png,562,4.0,3.0,2.0,3.0,2.0,4.0,3.0,4.0,4.0,4.0,4.0,5.0,4.0,4.0
images/original/1085.png,images/real_gemini_no_action/1085.png,563,5.0,2.0,2.0,5.0,5.0,5.0,5.0,5.0,5.0,5.0,5.0,5.0,5.0,5.0
images/original/938.png,images/real_gpt4_direct/938.png,564,1.0,2.0,2.0,1.0,2.0,1.0,3.0,2.0,2.0,2.0,3.0,2.0,3.0,2.0
images/original/1027.png,images/real_gemini_cot/1027.png,565,1.0,2.0,2.0,1.0,2.0,1.0,3.0,1.0,1.0,2.0,3.0,4.0,2.0,2.0
images/original/1175.png,images/real_gemini_direct/1175.png,566,3.0,3.0,3.0,3.0,3.0,3.0,5.0,2.0,4.0,3.0,4.0,5.0,3.0,5.0
images/original/WebSight_122.png,images/syn_gpt4_cot/WebSight_122.png,567,5.0,5.0,1.0,4.0,5.0,5.0,5.0,3.0,5.0,5.0,3.0,5.0,5.0,1.0
images/original/340.png,images/real_gemini_direct/340.png,568,2.0,2.0,2.0,1.0,2.0,3.0,5.0,2.0,2.0,2.0,3.0,2.0,2.0,2.0
images/original/360.png,images/real_gpt4_direct/360.png,569,2.0,2.0,3.0,3.0,2.0,3.0,5.0,2.0,2.0,2.0,2.0,2.0,2.0,3.0
images/original/605.png,images/real_gpt4_direct/605.png,570,2.0,3.0,2.0,2.0,2.0,4.0,5.0,2.0,4.0,2.0,2.0,4.0,4.0,3.0
images/original/881.png,images/real_gemini_direct/881.png,571,2.0,3.0,2.0,1.0,2.0,3.0,3.0,2.0,4.0,2.0,4.0,5.0,2.0,4.0
images/original/842.png,images/real_gpt4_no_action/842.png,572,1.0,2.0,2.0,1.0,2.0,2.0,3.0,1.0,1.0,2.0,1.0,2.0,1.0,1.0
images/original/1102.png,images/real_gpt4_no_action/1102.png,573,1.0,1.0,3.0,1.0,2.0,2.0,4.0,2.0,1.0,2.0,1.0,1.0,1.0,1.0
images/original/WebSight_162.png,images/syn_gpt4_cot/WebSight_162.png,574,4.0,3.0,3.0,3.0,3.0,4.0,3.0,4.0,4.0,4.0,3.0,5.0,3.0,5.0
images/original/200.png,images/real_gemini_direct/200.png,575,3.0,3.0,2.0,1.0,2.0,3.0,3.0,3.0,4.0,3.0,3.0,4.0,2.0,3.0
images/original/77.png,images/real_gpt4_no_action/77.png,576,3.0,3.0,3.0,2.0,2.0,2.0,5.0,2.0,4.0,2.0,4.0,3.0,2.0,4.0
images/original/1043.png,images/real_gemini_self-refine/1043.png,577,1.0,1.0,2.0,1.0,1.0,1.0,3.0,1.0,2.0,1.0,1.0,2.0,1.0,1.0
images/original/1102.png,images/real_gpt4_direct/1102.png,578,1.0,2.0,3.0,1.0,1.0,1.0,3.0,2.0,2.0,2.0,1.0,2.0,1.0,1.0
images/original/340.png,images/real_gpt4_self-refine/340.png,579,1.0,2.0,2.0,3.0,2.0,3.0,5.0,3.0,2.0,2.0,3.0,3.0,1.0,2.0
images/original/372.png,images/real_gemini_self-refine/372.png,580,4.0,3.0,3.0,5.0,3.0,4.0,5.0,4.0,4.0,4.0,4.0,4.0,3.0,4.0
images/original/60.png,images/real_gemini_no_action/60.png,581,4.0,4.0,3.0,4.0,3.0,3.0,3.0,3.0,4.0,4.0,4.0,5.0,3.0,5.0
images/original/846.png,images/real_gpt4_no_action/846.png,582,1.0,2.0,2.0,2.0,3.0,3.0,3.0,3.0,2.0,3.0,3.0,2.0,2.0,3.0
images/original/1115.png,images/real_gpt4_self-refine/1115.png,583,4.0,4.0,3.0,4.0,3.0,3.0,5.0,4.0,4.0,4.0,4.0,5.0,3.0,5.0
images/original/211.png,images/real_gpt4_self-refine/211.png,584,4.0,5.0,3.0,4.0,3.0,3.0,5.0,5.0,5.0,4.0,4.0,5.0,3.0,5.0
images/original/77.png,images/real_gpt4_direct/77.png,585,3.0,3.0,2.0,1.0,2.0,3.0,3.0,3.0,3.0,3.0,3.0,2.0,2.0,3.0
images/original/1046.png,images/real_gpt4_self-refine/1046.png,586,2.0,2.0,3.0,2.0,3.0,3.0,5.0,3.0,2.0,4.0,3.0,3.0,2.0,3.0
images/original/581.png,images/real_gpt4_no_action/581.png,587,1.0,1.0,2.0,1.0,1.0,2.0,3.0,1.0,1.0,2.0,1.0,1.0,1.0,1.0
images/original/WebSight_233.png,images/syn_gpt4_cot/WebSight_233.png,588,3.0,2.0,4.0,1.0,2.0,5.0,5.0,3.0,4.0,2.0,3.0,2.0,2.0,2.0
images/original/1102.png,images/real_gpt4_cot/1102.png,589,1.0,1.0,3.0,2.0,2.0,2.0,4.0,2.0,2.0,2.0,2.0,2.0,1.0,3.0
images/original/369.png,images/real_gpt4_self-refine/369.png,590,1.0,1.0,3.0,1.0,2.0,2.0,4.0,1.0,1.0,2.0,1.0,2.0,1.0,1.0
images/original/881.png,images/real_gpt4_direct/881.png,591,4.0,3.0,2.0,2.0,3.0,4.0,5.0,2.0,5.0,4.0,3.0,5.0,3.0,5.0
images/original/251.png,images/real_gpt4_self-refine/251.png,592,1.0,1.0,2.0,1.0,2.0,3.0,3.0,2.0,2.0,2.0,2.0,3.0,1.0,1.0
images/original/422.png,images/real_gpt4_no_action/422.png,593,1.0,1.0,3.0,1.0,2.0,2.0,3.0,2.0,2.0,2.0,2.0,3.0,2.0,1.0
images/original/54.png,images/real_gpt4_no_action/54.png,594,4.0,2.0,3.0,2.0,3.0,2.0,3.0,4.0,4.0,3.0,3.0,4.0,3.0,4.0
images/original/WebSight_5.png,images/syn_gpt4_cot/WebSight_5.png,595,2.0,2.0,2.0,2.0,3.0,4.0,4.0,4.0,3.0,3.0,3.0,4.0,3.0,4.0
images/original/363.png,images/real_gpt4_no_action/363.png,596,1.0,1.0,2.0,1.0,2.0,2.0,2.0,2.0,2.0,2.0,2.0,3.0,1.0,1.0
images/original/WebSight_293.png,images/syn_gpt4_cot/WebSight_293.png,597,5.0,5.0,4.0,4.0,3.0,5.0,5.0,4.0,4.0,4.0,4.0,5.0,3.0,5.0
images/original/1025.png,images/real_gemini_direct/1025.png,598,1.0,2.0,2.0,1.0,2.0,3.0,5.0,3.0,3.0,3.0,3.0,4.0,2.0,2.0
images/original/605.png,images/real_gemini_cot/605.png,599,4.0,3.0,3.0,2.0,3.0,3.0,5.0,3.0,4.0,3.0,4.0,4.0,2.0,5.0
images/original/252.png,images/real_gpt4_cot/252.png,600,1.0,,,2.0,2.0,2.0,4.0,2.0,2.0,2.0,2.0,2.0,1.0,1.0
